SNP,CHR,BP,P,OR,Case,Control
rs1955332,10,64231895,5.579e-06,10.26,Asym AD,Control
rs582132,11,75890695,7.359e-06,0.07395,Asym AD,Control
rs2709494,7,114678739,9.686e-06,0.1393,Asym AD,Control
rs7735782,5,82980449,1.53e-05,0.1222,Asym AD,Control
rs7332334,13,76090240,2.079e-05,0.2355,Asym AD,Control
rs7573795,2,146348863,2.511e-05,0.1217,Asym AD,Control
rs6563504,13,31485741,2.53e-05,0.2313,Asym AD,Control
rs13237949,7,140106504,2.773e-05,0.184,Asym AD,Control
rs3906913,8,26953801,2.838e-05,0.113,Asym AD,Control
rs2051788,4,105450529,3.944e-05,0.2351,Asym AD,Control
rs9600487,13,76104670,3.956e-05,0.2542,Asym AD,Control
rs2328949,13,76090084,4.16e-05,0.2266,Asym AD,Control
rs11110252,12,100523496,5.179e-05,0.1399,Asym AD,Control
rs873218,12,12765603,5.3e-05,0.2748,Asym AD,Control
rs642668,1,193929977,5.382e-05,0.2534,Asym AD,Control
rs4555,12,12796872,6.125e-05,0.282,Asym AD,Control
rs342673,13,92433412,6.236e-05,0.2461,Asym AD,Control
rs2861610,2,78668935,6.944e-05,0.2405,Asym AD,Control
rs4730660,7,114613838,7.231e-05,0.1912,Asym AD,Control
rs3744493,17,66881125,7.822e-05,0.2569,Asym AD,Control
rs507181,1,74939570,9.05e-05,5.409,Asym AD,Control
rs2035951,12,92443323,9.721e-05,0.2754,Asym AD,Control
rs7190017,16,12580751,0.000102,0.1885,Asym AD,Control
rs13106779,4,137359917,0.0001162,0.2032,Asym AD,Control
rs10484187,14,47732711,0.000122,0.1786,Asym AD,Control
rs10516510,4,105437362,0.0001272,0.2159,Asym AD,Control
rs9893368,17,66833954,0.0001343,0.2739,Asym AD,Control
rs649058,1,74941293,0.0001418,5.693,Asym AD,Control
rs7626364,3,177603519,0.0001483,0.1899,Asym AD,Control
rs9730586,1,74961817,0.0001502,4.8,Asym AD,Control
rs11650090,17,32776598,0.0001593,0.2807,Asym AD,Control
rs11934708,4,105497463,0.0001631,0.2895,Asym AD,Control
rs6982586,8,108307058,0.0001639,0.2748,Asym AD,Control
rs4405588,17,1814958,0.0001655,0.2931,Asym AD,Control
rs11870879,17,47747648,0.0001723,0.2866,Asym AD,Control
rs9995832,4,184283411,0.000173,0.1545,Asym AD,Control
rs9580257,13,22550579,0.0001742,0.2424,Asym AD,Control
rs933561,16,49874676,0.0001799,0.2774,Asym AD,Control
rs9350407,6,22021230,0.0001869,0.1318,Asym AD,Control
rs6866012,5,50400307,0.0001917,0.176,Asym AD,Control
rs4817234,21,15899085,0.0001972,0.2857,Asym AD,Control
rs3749350,3,3886721,0.0002013,0.2578,Asym AD,Control
rs10504206,8,57504132,0.0002044,0.2167,Asym AD,Control
rs4691940,4,164855278,0.0002056,0.3155,Asym AD,Control
rs6113979,20,23157275,0.0002084,0.1588,Asym AD,Control
rs4749965,10,10587027,0.0002101,0.3052,Asym AD,Control
rs1538505,9,78631286,0.0002147,0.2778,Asym AD,Control
rs2129785,17,28590530,0.0002199,0.236,Asym AD,Control
rs1570442,1,193923694,0.0002215,0.3069,Asym AD,Control
rs10844223,12,32657276,0.0002216,0.3007,Asym AD,Control
rs7953812,12,26611704,0.0002226,0.3229,Asym AD,Control
rs1403700,3,63415195,0.0002314,0.2691,Asym AD,Control
rs1533588,11,36730884,0.0002324,0.2623,Asym AD,Control
rs1441773,8,19751939,0.0002344,0.3029,Asym AD,Control
rs35213,16,65016087,0.0002366,0.2405,Asym AD,Control
rs10498856,6,68186228,0.0002445,0.1592,Asym AD,Control
rs2133943,12,32654210,0.0002475,0.3064,Asym AD,Control
rs867997,10,126052440,0.000254,0.2954,Asym AD,Control
rs8013763,14,94240020,0.0002557,4.457,Asym AD,Control
rs1316738,8,19692781,0.0002618,0.2729,Asym AD,Control
rs11860708,16,58178596,0.0002702,0.2194,Asym AD,Control
rs129752,22,45922466,0.0002789,0.2192,Asym AD,Control
rs11663413,18,11136739,0.0002887,0.2986,Asym AD,Control
rs6792646,3,141568628,0.0002891,0.3372,Asym AD,Control
rs4808432,19,16157435,0.0002954,0.2946,Asym AD,Control
rs17031337,2,106215749,0.0002968,0.2747,Asym AD,Control
rs2515767,12,11977949,0.0003027,0.3046,Asym AD,Control
rs7319334,13,76097291,0.0003036,0.2849,Asym AD,Control
rs793017,5,172286508,0.0003126,0.2196,Asym AD,Control
rs1960632,2,78626927,0.0003159,0.2937,Asym AD,Control
rs17269632,4,105476932,0.0003168,0.281,Asym AD,Control
rs6057021,20,9899439,0.0003214,0.3345,Asym AD,Control
rs11128333,3,73438059,0.0003251,0.3222,Asym AD,Control
rs6759570,2,78638423,0.0003253,0.2941,Asym AD,Control
rs2048255,2,69936635,0.0003349,0.2243,Asym AD,Control
rs16928653,9,128845089,0.000336,0.3003,Asym AD,Control
rs549257,12,130713953,0.000337,0.2989,Asym AD,Control
rs1424724,8,5875495,0.0003384,0.2951,Asym AD,Control
rs1582123,1,95977445,0.0003426,0.1799,Asym AD,Control
rs7317112,13,95923523,0.0003434,0.3,Asym AD,Control
rs2465095,2,137536904,0.0003481,0.2633,Asym AD,Control
rs4306882,3,21062584,0.0003494,0.3019,Asym AD,Control
rs6937133,6,39800014,0.0003525,0.3114,Asym AD,Control
rs9296308,6,39794653,0.0003617,0.3052,Asym AD,Control
rs9854809,3,194448231,0.0003757,0.2203,Asym AD,Control
rs10836645,11,36985037,0.0003843,0.3008,Asym AD,Control
rs7253210,19,15784116,0.0003947,0.1932,Asym AD,Control
rs7153058,14,47631898,0.0004028,0.315,Asym AD,Control
rs4853388,2,78649422,0.0004097,0.2998,Asym AD,Control
rs8013400,14,96688608,0.000423,0.2706,Asym AD,Control
rs10790882,11,127333828,0.0004448,4.406,Asym AD,Control
rs713788,22,43712536,0.0004486,0.2918,Asym AD,Control
rs7220474,17,27341434,0.0004491,0.8826,Asym AD,Control
rs4890560,18,43203785,0.0004549,0.2837,Asym AD,Control
rs911761,9,5439946,0.0004573,0.313,Asym AD,Control
rs7586298,2,20839346,0.0004624,0.289,Asym AD,Control
rs10500223,19,24346024,0.000466,0.2097,Asym AD,Control
rs2537632,10,59631611,0.0004702,0.3206,Asym AD,Control
rs1023355,21,47892806,0.0004767,0.2845,Asym AD,Control
rs17484254,10,29548285,0.0004768,0.181,Asym AD,Control
rs10046672,8,141090700,0.0004843,0.2946,Asym AD,Control
rs7563300,2,76683260,0.0004848,0.3249,Asym AD,Control
rs870004,13,95918063,0.0004863,0.2932,Asym AD,Control
rs1347117,5,155456128,0.0004959,0.265,Asym AD,Control
rs2239395,22,19962203,0.0005013,0.1523,Asym AD,Control
rs1994468,7,129847238,0.0005168,0.2956,Asym AD,Control
rs12234520,7,7497676,0.0005171,0.8854,Asym AD,Control
rs7781224,7,139336576,0.0005175,0.253,Asym AD,Control
rs747125,4,81227042,0.000518,0.887,Asym AD,Control
rs735664,7,27909037,0.0005193,0.3355,Asym AD,Control
rs682275,10,79239338,0.0005213,3.309,Asym AD,Control
rs13106779,4,137359917,0.0005295,0.8831,Asym AD,Control
rs2429542,17,38922456,0.0005312,0.247,Asym AD,Control
rs6562469,13,67249849,0.0005313,0.3283,Asym AD,Control
rs11196111,10,114548954,0.000539,0.3328,Asym AD,Control
rs6586870,8,19709775,0.0005451,0.3021,Asym AD,Control
rs13155209,5,10788919,0.0005475,0.3341,Asym AD,Control
rs7963397,12,32658637,0.0005497,0.3179,Asym AD,Control
rs4662010,1,14001018,0.0005511,0.3088,Asym AD,Control
rs872030,4,190341415,0.000554,0.3408,Asym AD,Control
rs10844012,12,31939113,0.0005566,0.3102,Asym AD,Control
rs12060945,1,100719130,0.00056,0.3537,Asym AD,Control
rs10753891,1,201100482,0.0005601,0.8795,Asym AD,Control
rs10225081,7,22864724,0.0005615,0.8856,Asym AD,Control
rs11682584,2,88371295,0.0005644,0.8879,Asym AD,Control
rs582132,11,75890695,0.0005756,0.8867,Asym AD,Control
rs4970833,1,109804646,0.0005824,0.3227,Asym AD,Control
rs6011605,20,61718931,0.0005877,0.8896,Asym AD,Control
rs10270171,7,22813879,0.0005879,0.8917,Asym AD,Control
rs6022903,20,52612549,0.0005897,0.136,Asym AD,Control
rs8020920,14,79226876,0.000597,0.3005,Asym AD,Control
rs12547659,8,5926632,0.0005984,0.8865,Asym AD,Control
rs2270834,16,5110271,0.0006038,0.8873,Asym AD,Control
rs7605496,2,230506712,0.0006076,0.286,Asym AD,Control
rs9902061,17,5970630,0.0006086,0.3085,Asym AD,Control
rs1955332,10,64231895,0.0006118,0.8845,Asym AD,Control
rs4074250,10,87268005,0.0006134,0.3388,Asym AD,Control
rs2313427,16,8815000,0.0006187,0.2362,Asym AD,Control
rs274587,1,74943465,0.0006195,3.644,Asym AD,Control
rs4685690,3,3891187,0.0006198,0.2875,Asym AD,Control
rs6970999,7,8623087,0.0006211,5.042,Asym AD,Control
rs9471175,6,39795793,0.0006275,0.3004,Asym AD,Control
rs17500203,12,101795009,0.0006277,0.2823,Asym AD,Control
rs13153621,5,10771228,0.0006294,0.3369,Asym AD,Control
rs4148424,13,95931490,0.0006318,0.315,Asym AD,Control
rs2297773,15,79755604,0.0006334,0.8905,Asym AD,Control
rs6952128,7,20700361,0.0006347,0.2836,Asym AD,Control
rs2763309,10,27867209,0.0006377,0.3049,Asym AD,Control
rs9791911,7,153911539,0.0006414,0.8814,Asym AD,Control
rs7781074,7,22826360,0.0006423,0.8931,Asym AD,Control
rs4771910,13,95929888,0.0006436,0.3228,Asym AD,Control
rs3757446,7,22894777,0.0006464,0.8794,Asym AD,Control
rs10517746,4,162521710,0.0006465,0.3075,Asym AD,Control
rs2716548,11,24778111,0.0006491,0.8901,Asym AD,Control
rs3791253,2,167286044,0.0006523,0.3072,Asym AD,Control
rs10768240,11,37002821,0.0006525,0.3332,Asym AD,Control
rs1411609,9,33137303,0.0006565,3.649,Asym AD,Control
rs7188674,16,79923310,0.0006604,0.889,Asym AD,Control
rs13109075,4,167645029,0.0006627,0.8903,Asym AD,Control
rs4084367,2,222729505,0.0006654,0.89,Asym AD,Control
rs482983,13,30695606,0.0006665,0.8896,Asym AD,Control
rs7934055,11,71262138,0.0006673,0.8887,Asym AD,Control
rs4621761,7,55716877,0.0006675,0.8896,Asym AD,Control
rs7587289,2,48146122,0.0006687,0.3306,Asym AD,Control
rs1039693,6,54597298,0.0006708,0.3185,Asym AD,Control
rs4256152,3,142219542,0.0006721,0.8898,Asym AD,Control
rs13234660,7,130113070,0.0006777,0.89,Asym AD,Control
rs6479815,10,64224100,0.0006856,0.8938,Asym AD,Control
rs10487307,7,110898122,0.0006863,0.8912,Asym AD,Control
rs7162639,15,69020931,0.0006865,0.887,Asym AD,Control
rs4085398,2,222737511,0.000687,0.8902,Asym AD,Control
rs2313427,16,8815000,0.000691,0.8883,Asym AD,Control
rs12540276,7,27591532,0.0006975,3.545,Asym AD,Control
rs11173494,12,40159587,0.0006993,0.277,Asym AD,Control
rs6568431,6,106588806,0.0007001,3.925,Asym AD,Control
rs4148422,13,95931992,0.000703,0.8905,Asym AD,Control
rs2709494,7,114678739,0.000704,0.8869,Asym AD,Control
rs9434652,1,8991873,0.0007096,3.673,Asym AD,Control
rs4261473,15,69036220,0.0007097,0.3397,Asym AD,Control
rs1151282,16,54627052,0.0007116,0.313,Asym AD,Control
rs17031337,2,106215749,0.000712,0.8831,Asym AD,Control
rs12775743,10,43724215,0.0007152,0.3069,Asym AD,Control
rs755229,2,55156296,0.0007177,0.8887,Asym AD,Control
rs7217175,17,69616366,0.0007206,4.191,Asym AD,Control
rs7150656,14,86259018,0.0007214,0.8796,Asym AD,Control
rs7651607,3,83770825,0.0007216,0.8905,Asym AD,Control
rs2242944,21,40465178,0.0007225,0.3361,Asym AD,Control
rs4552231,2,48167631,0.0007245,0.8864,Asym AD,Control
rs7301886,12,40147599,0.000729,0.2783,Asym AD,Control
rs11683083,2,146426796,0.0007292,0.2933,Asym AD,Control
rs7159326,14,86262326,0.0007306,0.8797,Asym AD,Control
rs12547659,8,5926632,0.0007321,0.3216,Asym AD,Control
rs17823089,4,26208843,0.0007332,0.8869,Asym AD,Control
rs16876172,6,86106092,0.0007347,0.2471,Asym AD,Control
rs11776828,8,118738651,0.0007352,0.8896,Asym AD,Control
rs10934,2,101622728,0.0007373,0.893,Asym AD,Control
rs9580257,13,22550579,0.0007381,0.8895,Asym AD,Control
rs3845876,3,73449019,0.0007443,0.3311,Asym AD,Control
rs494723,6,10746227,0.0007449,0.8924,Asym AD,Control
rs2834114,21,34529234,0.0007453,3.731,Asym AD,Control
rs8012945,14,94238353,0.0007483,4.224,Asym AD,Control
rs10851794,15,69032174,0.0007488,0.8885,Asym AD,Control
rs869466,10,87295805,0.00075,0.2535,Asym AD,Control
rs7739861,6,722716,0.0007508,0.2355,Asym AD,Control
rs12323676,14,70747532,0.000751,0.1971,Asym AD,Control
rs4698923,4,105581394,0.0007535,0.3469,Asym AD,Control
rs10100214,8,132897005,0.0007543,0.2761,Asym AD,Control
rs2178373,6,91801885,0.0007583,0.2268,Asym AD,Control
rs1849342,11,36999042,0.0007585,0.8906,Asym AD,Control
rs1045699,15,52601220,0.0007601,0.8889,Asym AD,Control
rs3818593,9,33120706,0.0007623,0.8894,Asym AD,Control
rs17748071,5,135441313,0.0007635,0.3219,Asym AD,Control
rs4922728,11,21053214,0.0007713,0.8899,Asym AD,Control
rs296639,9,93840659,0.0007737,3.747,Asym AD,Control
rs2301641,7,20698270,0.0007756,0.2915,Asym AD,Control
rs295493,3,139246382,0.0007774,0.8929,Asym AD,Control
rs7831988,8,133064238,0.0007781,0.8914,Asym AD,Control
rs2047039,4,81735968,0.0007786,0.8895,Asym AD,Control
rs17600802,13,31512154,0.0007809,0.8919,Asym AD,Control
rs1027453,19,31821060,0.0007825,0.8902,Asym AD,Control
rs7901214,10,9601929,0.0007849,0.3323,Asym AD,Control
rs2058904,2,65114005,0.0007856,0.8887,Asym AD,Control
rs10072521,5,141628405,0.000786,0.8914,Asym AD,Control
rs1567529,2,79892257,0.0007871,0.89,Asym AD,Control
rs7169963,15,79741593,0.0007874,0.8945,Asym AD,Control
rs17158495,10,2577639,0.0007888,0.262,Asym AD,Control
rs2234978,10,90771829,0.0007977,0.8927,Asym AD,Control
rs2335230,1,154589628,0.000798,0.8906,Asym AD,Control
rs4915691,1,65867519,0.0007991,0.8914,Asym AD,Control
rs2285996,7,123594206,0.0007994,0.8922,Asym AD,Control
rs9494019,6,134982427,0.0007999,0.8914,Asym AD,Control
rs4730660,7,114613838,0.0008039,0.8941,Asym AD,Control
rs1982582,4,167287685,0.000804,0.8917,Asym AD,Control
rs2462578,7,54564662,0.0008044,0.8932,Asym AD,Control
rs7974885,12,3586381,0.0008106,0.8942,Asym AD,Control
rs13382470,2,48179497,0.0008108,0.8898,Asym AD,Control
rs6837827,4,81225455,0.0008111,0.8896,Asym AD,Control
rs11622455,14,91669929,0.0008128,0.8935,Asym AD,Control
rs2977098,8,12829038,0.0008144,0.3531,Asym AD,Control
rs3808168,7,123588444,0.0008153,0.8952,Asym AD,Control
rs6964474,7,37438596,0.0008167,8.13,Asym AD,Control
rs1507734,18,1467944,0.0008206,0.8896,Asym AD,Control
rs911761,9,5439946,0.0008232,0.8921,Asym AD,Control
rs10518784,15,55121519,0.0008243,0.2789,Asym AD,Control
rs6793362,3,21049245,0.000828,3.416,Asym AD,Control
rs1155593,8,73402635,0.0008287,0.8915,Asym AD,Control
rs3198123,2,55207693,0.0008296,0.8915,Asym AD,Control
rs2876705,13,76084334,0.0008301,0.3341,Asym AD,Control
rs9791911,7,153911539,0.0008321,12.8,Asym AD,Control
rs7335486,13,29114888,0.0008345,0.8927,Asym AD,Control
rs3925214,4,81573178,0.0008346,0.893,Asym AD,Control
rs1418684,6,71867477,0.0008355,0.1791,Asym AD,Control
rs2535609,17,15856740,0.0008379,0.2898,Asym AD,Control
rs11000178,10,53692081,0.0008387,0.8933,Asym AD,Control
rs10732882,11,57111693,0.0008396,0.8893,Asym AD,Control
rs10426695,19,15790251,0.0008397,0.2048,Asym AD,Control
rs882000,1,38917810,0.000842,3.008,Asym AD,Control
rs757052,7,152333982,0.0008454,0.1773,Asym AD,Control
rs7903366,10,53689774,0.0008464,0.8933,Asym AD,Control
rs4334744,4,28648262,0.0008467,0.8963,Asym AD,Control
rs4801447,19,57748385,0.0008496,0.893,Asym AD,Control
rs2388773,16,54636780,0.0008503,0.3157,Asym AD,Control
rs13172324,5,7368845,0.0008509,0.2326,Asym AD,Control
rs12294719,11,36728261,0.0008542,0.3055,Asym AD,Control
rs1006120,9,18956317,0.0008542,0.8852,Asym AD,Control
rs4074568,7,153895189,0.0008554,0.8881,Asym AD,Control
rs1035648,15,95165051,0.0008571,0.8936,Asym AD,Control
rs1266922,6,51822297,0.0008571,0.8957,Asym AD,Control
rs2339893,10,53688297,0.000858,0.8934,Asym AD,Control
rs7562885,2,48233949,0.0008581,0.8885,Asym AD,Control
rs10151183,14,43515152,0.0008588,0.1437,Asym AD,Control
rs4985019,16,9112216,0.0008603,0.3085,Asym AD,Control
rs1256323,1,21851312,0.0008606,0.8926,Asym AD,Control
rs2052094,7,123700519,0.000861,0.8927,Asym AD,Control
rs873706,13,95862387,0.0008616,0.2465,Asym AD,Control
rs10822496,10,53013479,0.0008637,0.3203,Asym AD,Control
rs4479771,4,2316874,0.0008652,0.3007,Asym AD,Control
rs17004889,4,81307025,0.0008664,0.8926,Asym AD,Control
rs1458045,4,81254610,0.0008675,0.8925,Asym AD,Control
rs10431909,16,10945354,0.0008693,0.8925,Asym AD,Control
rs11813392,10,87232638,0.0008704,0.8903,Asym AD,Control
rs1374011,5,35973875,0.0008705,0.8877,Asym AD,Control
rs6860110,5,34455165,0.0008707,0.8925,Asym AD,Control
rs3739008,2,101612568,0.0008713,0.8952,Asym AD,Control
rs1424724,8,5875495,0.0008721,0.8915,Asym AD,Control
rs6789468,3,38013493,0.0008722,0.8938,Asym AD,Control
rs3794794,17,28720741,0.0008724,0.3173,Asym AD,Control
rs17147344,7,22880856,0.0008738,0.8915,Asym AD,Control
rs13420705,2,18441064,0.0008753,0.1395,Asym AD,Control
rs7551550,1,20437764,0.0008779,3.363,Asym AD,Control
rs7906303,10,50652373,0.000879,0.8882,Asym AD,Control
rs7463228,8,10506113,0.0008805,0.8915,Asym AD,Control
rs415235,5,142285956,0.0008819,0.8956,Asym AD,Control
rs9553461,13,25453116,0.0008827,0.8928,Asym AD,Control
rs17663794,15,95167478,0.0008835,0.8926,Asym AD,Control
rs513529,7,54610293,0.0008863,0.894,Asym AD,Control
rs11776692,8,26942659,0.0008882,0.8945,Asym AD,Control
rs713781,22,46230223,0.0008904,0.8945,Asym AD,Control
rs11077904,17,75366580,0.0008906,0.3097,Asym AD,Control
rs159251,17,32758823,0.0008922,0.3617,Asym AD,Control
rs12206074,6,71861955,0.0008932,0.181,Asym AD,Control
rs1456547,2,199795231,0.0008934,0.8902,Asym AD,Control
rs599215,1,100796296,0.0008963,0.8931,Asym AD,Control
rs9634171,12,117486221,0.0008979,0.8934,Asym AD,Control
rs7859900,9,22529933,0.0009009,0.8907,Asym AD,Control
rs7912111,10,128808908,0.0009011,0.8937,Asym AD,Control
rs7171787,15,22922576,0.0009016,0.8905,Asym AD,Control
rs17654772,2,101512543,0.000904,0.8971,Asym AD,Control
rs11257434,10,11977300,0.0009044,0.2069,Asym AD,Control
rs1456547,2,199795231,0.0009063,0.3233,Asym AD,Control
rs6953094,7,83424108,0.0009068,0.3371,Asym AD,Control
rs1363258,5,103269694,0.0009071,0.8935,Asym AD,Control
rs16911207,10,59682064,0.0009091,0.3009,Asym AD,Control
rs330305,18,30161361,0.000911,0.3156,Asym AD,Control
rs357976,2,3794523,0.0009115,0.8965,Asym AD,Control
rs2404035,8,134837290,0.0009132,0.2054,Asym AD,Control
rs1672195,8,108383641,0.0009139,0.3136,Asym AD,Control
rs6762974,3,70595849,0.0009152,0.3487,Asym AD,Control
rs8064138,16,78390452,0.0009164,0.3368,Asym AD,Control
rs17105331,12,68744537,0.0009171,0.3079,Asym AD,Control
rs7076037,10,109884688,0.0009176,0.892,Asym AD,Control
rs10965342,9,22412570,0.0009194,0.8912,Asym AD,Control
rs16924573,10,24604893,0.0009212,0.8965,Asym AD,Control
rs362272,4,3234980,0.0009225,0.3617,Asym AD,Control
rs2349702,14,59843472,0.0009255,0.2963,Asym AD,Control
rs6948739,7,2933195,0.0009265,0.3566,Asym AD,Control
rs9556476,13,96071147,0.0009268,0.892,Asym AD,Control
rs4304313,8,133061146,0.0009288,0.8951,Asym AD,Control
rs17762691,17,10178448,0.0009288,0.8966,Asym AD,Control
rs4099413,2,222716083,0.0009303,0.8925,Asym AD,Control
rs1545721,3,194415887,0.0009305,0.8948,Asym AD,Control
rs2692133,7,147023537,0.0009308,0.8959,Asym AD,Control
rs1639122,12,6711147,0.0009311,0.8919,Asym AD,Control
rs1917822,10,50762747,0.0009324,0.8913,Asym AD,Control
rs6792870,3,159523497,0.0009351,0.8945,Asym AD,Control
rs10851794,15,69032174,0.0009365,2.942,Asym AD,Control
rs802295,6,124501118,0.0009391,5.01,Asym AD,Control
rs2440570,11,98513055,0.0009393,0.8964,Asym AD,Control
rs2304294,15,95001206,0.0009425,0.8899,Asym AD,Control
rs7106950,11,98486983,0.0009429,0.8965,Asym AD,Control
rs12672192,7,130118002,0.0009439,0.8945,Asym AD,Control
rs10965342,9,22412570,0.0009454,3.983,Asym AD,Control
rs1479545,3,2682000,0.0009457,0.8973,Asym AD,Control
rs1947075,10,49741135,0.0009458,0.8945,Asym AD,Control
rs7163076,15,88877343,0.0009468,0.3298,Asym AD,Control
rs8006774,14,32676129,0.0009469,0.8939,Asym AD,Control
rs13237949,7,140106504,0.0009486,0.8882,Asym AD,Control
rs12327730,19,34764842,0.0009493,0.8883,Asym AD,Control
rs4891252,18,72974307,0.000952,0.8904,Asym AD,Control
rs9850111,3,4015439,0.0009527,0.2842,Asym AD,Control
rs2140437,3,142391847,0.0009554,0.8922,Asym AD,Control
rs885098,1,68733478,0.0009554,0.3547,Asym AD,Control
rs974417,6,97419598,0.0009559,0.8921,Asym AD,Control
rs896444,2,106241808,0.0009563,0.8898,Asym AD,Control
rs6920570,6,143297660,0.0009565,0.8967,Asym AD,Control
rs10205624,2,16889001,0.0009574,0.2184,Asym AD,Control
rs7082831,10,30838906,0.0009582,0.8918,Asym AD,Control
rs3815948,16,87359887,0.0009603,0.3581,Asym AD,Control
rs12342831,9,33124872,0.0009617,0.8888,Asym AD,Control
rs9610489,22,36713531,0.0009619,0.8958,Asym AD,Control
rs7262639,20,14911910,0.0009638,0.8946,Asym AD,Control
rs4817646,21,35726698,0.0009647,0.2625,Asym AD,Control
rs7667919,4,152945315,0.0009688,0.2611,Asym AD,Control
rs1987119,14,51857910,0.0009701,0.8877,Asym AD,Control
rs9345394,6,94481162,0.0009738,0.8918,Asym AD,Control
rs2284842,3,185909651,0.0009738,0.8951,Asym AD,Control
rs1121985,16,79363079,0.0009774,0.8929,Asym AD,Control
rs4683070,3,45199620,0.0009785,0.3498,Asym AD,Control
rs10406069,19,35836530,0.0009804,0.8953,Asym AD,Control
rs17100307,14,72184751,0.0009812,0.8979,Asym AD,Control
rs4790406,17,2899292,0.0009834,0.8948,Asym AD,Control
rs875014,14,103679153,0.0009836,0.2346,Asym AD,Control
rs6449117,4,15223639,0.0009838,0.8951,Asym AD,Control
rs12651858,5,68577467,0.0009842,0.2305,Asym AD,Control
rs9898793,17,43116313,0.0009859,0.8923,Asym AD,Control
rs42270,16,12560746,0.0009881,0.2907,Asym AD,Control
rs755831,11,7321481,0.0009899,0.893,Asym AD,Control
rs7495,14,21677694,0.0009912,0.8957,Asym AD,Control
rs780010,2,125066751,0.0009918,0.8953,Asym AD,Control
rs1893592,21,43855067,0.0009918,0.8936,Asym AD,Control
rs4270686,5,135851739,0.000993,0.8944,Asym AD,Control
rs4969438,17,79333703,0.0009951,0.8937,Asym AD,Control
rs17239241,5,40770087,0.0009968,0.8918,Asym AD,Control
rs7433333,3,144850047,0.0009975,0.1742,Asym AD,Control
rs4673304,2,205434906,0.0009983,0.3096,Asym AD,Control
rs12914540,15,66590779,0.001,0.8956,Asym AD,Control
rs447721,2,7150330,0.001,0.8945,Asym AD,Control
rs12796171,11,98456485,0.001,0.8978,Asym AD,Control
rs7333412,13,47403360,0.001001,0.8968,Asym AD,Control
rs4539348,11,71242461,0.001001,0.8922,Asym AD,Control
rs969931,6,29494897,0.001001,0.2988,Asym AD,Control
rs229594,14,65238141,0.001001,0.3484,Asym AD,Control
rs916950,5,135338599,0.001001,0.8974,Asym AD,Control
rs4802906,19,52735298,0.001002,0.8986,Asym AD,Control
rs12945819,17,9239104,0.001002,0.8939,Asym AD,Control
rs7831477,8,142315838,0.001005,0.3136,Asym AD,Control
rs802295,6,124501118,0.001005,0.8948,Asym AD,Control
rs1796048,2,97643576,0.001006,0.8936,Asym AD,Control
rs3906913,8,26953801,0.001006,0.8905,Asym AD,Control
rs9902061,17,5970630,0.001007,0.8921,Asym AD,Control
rs12193343,6,71936292,0.001008,0.1899,Asym AD,Control
rs11059892,12,129249070,0.001009,0.8923,Asym AD,Control
rs7037716,9,4265363,0.001012,0.8962,Asym AD,Control
rs299744,18,46193230,0.001013,0.8946,Asym AD,Control
rs10922910,1,91199862,0.001014,0.894,Asym AD,Control
rs6948197,7,54535622,0.001014,0.8949,Asym AD,Control
rs11241713,5,123119565,0.001014,0.8945,Asym AD,Control
rs887058,7,51295543,0.001015,0.8947,Asym AD,Control
rs7968386,12,94888615,0.001015,0.3544,Asym AD,Control
rs2071969,20,42160962,0.001016,0.8936,Asym AD,Control
rs278040,13,30459712,0.001016,0.892,Asym AD,Control
rs7215551,17,61664740,0.001017,0.8964,Asym AD,Control
rs4358331,3,97903374,0.001018,0.8898,Asym AD,Control
rs11743567,5,166200269,0.001019,0.892,Asym AD,Control
rs930072,5,36666071,0.00102,0.8923,Asym AD,Control
rs2290745,19,52909303,0.00102,0.8914,Asym AD,Control
rs17304143,15,62577051,0.001021,0.8926,Asym AD,Control
rs6135296,20,14877654,0.001022,0.8947,Asym AD,Control
rs460539,6,36804187,0.001022,0.2876,Asym AD,Control
rs10768240,11,37002821,0.001023,0.8971,Asym AD,Control
rs2431597,5,125121113,0.001024,0.8962,Asym AD,Control
rs7307330,12,60206544,0.001025,0.8952,Asym AD,Control
rs4611702,20,41236837,0.001026,0.8938,Asym AD,Control
rs8017097,14,86226430,0.001026,0.8903,Asym AD,Control
rs181003,3,60546856,0.001028,0.8964,Asym AD,Control
rs1953200,14,40267514,0.00103,0.8951,Asym AD,Control
rs11137606,9,80935799,0.001031,0.32,Asym AD,Control
rs4583515,2,48177487,0.001032,0.8931,Asym AD,Control
rs17167155,5,99063246,0.001033,0.2471,Asym AD,Control
rs12513556,5,103927774,0.001033,0.8962,Asym AD,Control
rs6731576,2,202540420,0.001033,0.3476,Asym AD,Control
rs11900008,2,53722595,0.001034,0.895,Asym AD,Control
rs2133123,1,216844817,0.001034,0.8921,Asym AD,Control
rs6927084,6,154182625,0.001035,3.109,Asym AD,Control
rs2414299,15,54607080,0.001038,0.8973,Asym AD,Control
rs17626732,2,195808307,0.001038,0.8931,Asym AD,Control
rs7964686,12,117498860,0.001039,0.8948,Asym AD,Control
rs2143934,1,171393060,0.001039,0.8926,Asym AD,Control
rs10034996,4,135796837,0.00104,0.8942,Asym AD,Control
rs12817513,12,21578559,0.00104,0.8924,Asym AD,Control
rs2058186,16,7735033,0.00104,0.892,Asym AD,Control
rs2119449,5,93115673,0.001041,0.8935,Asym AD,Control
rs4261473,15,69036220,0.001042,0.8915,Asym AD,Control
rs2606776,3,5064834,0.001043,0.8968,Asym AD,Control
rs1283658,8,108377347,0.001043,0.2462,Asym AD,Control
rs7764703,6,123095188,0.001044,0.8883,Asym AD,Control
rs11222855,11,131848895,0.001044,0.8969,Asym AD,Control
rs13062253,3,14583194,0.001044,0.8875,Asym AD,Control
rs10134020,14,43228638,0.001045,0.8923,Asym AD,Control
rs7141230,14,21718739,0.001045,0.8967,Asym AD,Control
rs28540229,1,247179076,0.001046,0.8931,Asym AD,Control
rs7790495,7,54534597,0.001047,0.8974,Asym AD,Control
rs4699323,4,98967484,0.001049,0.8946,Asym AD,Control
rs1430550,18,71566083,0.001049,0.8908,Asym AD,Control
rs4870010,6,151632427,0.001049,0.8963,Asym AD,Control
rs10248098,7,111636575,0.001049,0.895,Asym AD,Control
rs1083,17,1325297,0.00105,0.2556,Asym AD,Control
rs2172086,10,27957785,0.001051,0.8948,Asym AD,Control
rs4651073,1,180600599,0.001051,0.8956,Asym AD,Control
rs12323676,14,70747532,0.001052,0.8938,Asym AD,Control
rs12220488,10,64219000,0.001053,0.8955,Asym AD,Control
rs12809589,12,129133656,0.001055,0.891,Asym AD,Control
rs1567871,22,20241160,0.001056,0.8956,Asym AD,Control
rs12430430,13,68652684,0.001057,0.8897,Asym AD,Control
rs544473,11,131735286,0.001058,0.8926,Asym AD,Control
rs17722016,19,15665528,0.001058,0.1872,Asym AD,Control
rs911219,3,197080597,0.001059,0.8961,Asym AD,Control
rs870004,13,95918063,0.001059,0.8935,Asym AD,Control
rs4129044,16,6901513,0.001059,0.8942,Asym AD,Control
rs17803320,3,5491322,0.001059,0.8953,Asym AD,Control
rs11768465,7,100198386,0.001059,0.33,Asym AD,Control
rs4301259,5,117260126,0.00106,0.8941,Asym AD,Control
rs940597,7,67775112,0.001061,0.8937,Asym AD,Control
rs943172,9,7403305,0.001062,0.8931,Asym AD,Control
rs4841458,8,10781688,0.001062,0.8953,Asym AD,Control
rs1859995,17,10962084,0.001063,0.3148,Asym AD,Control
rs2399978,6,104524060,0.001064,0.8971,Asym AD,Control
rs1576167,13,27450803,0.001065,5.47,Asym AD,Control
rs764848,11,36969003,0.001065,0.8938,Asym AD,Control
rs10514519,16,81975065,0.001065,0.893,Asym AD,Control
rs7827230,8,61954970,0.001065,0.8932,Asym AD,Control
rs7130121,11,132455531,0.001065,0.8964,Asym AD,Control
rs2078232,2,50296293,0.001067,0.8922,Asym AD,Control
rs17023120,3,29310744,0.001068,0.8934,Asym AD,Control
rs11917304,3,25624634,0.001068,0.8939,Asym AD,Control
rs42563,5,128400356,0.00107,0.8969,Asym AD,Control
rs10734298,11,21502066,0.00107,0.8928,Asym AD,Control
rs2585428,20,52786897,0.001073,0.8979,Asym AD,Control
rs6449117,4,15223639,0.001074,0.341,Asym AD,Control
rs8005983,14,54178936,0.001075,0.8981,Asym AD,Control
rs10848967,12,4095073,0.001076,0.8955,Asym AD,Control
rs11770843,7,146795379,0.001076,0.898,Asym AD,Control
rs7997326,13,25419725,0.001077,0.8968,Asym AD,Control
rs6475276,9,18958107,0.001078,0.8892,Asym AD,Control
rs10778536,12,107529994,0.001078,0.8952,Asym AD,Control
rs9562311,13,42071866,0.001078,0.8943,Asym AD,Control
rs12607510,18,71591298,0.001078,0.8921,Asym AD,Control
rs1005948,19,35975921,0.001079,0.261,Asym AD,Control
rs7607482,2,108555725,0.00108,0.8922,Asym AD,Control
rs11677361,2,10502733,0.00108,0.8931,Asym AD,Control
rs7950505,11,19566243,0.001081,0.9001,Asym AD,Control
rs596683,18,38501444,0.001081,0.898,Asym AD,Control
rs9912674,17,55749233,0.001082,0.8905,Asym AD,Control
rs758614,12,3580040,0.001082,0.8971,Asym AD,Control
rs11663413,18,11136739,0.001083,0.8951,Asym AD,Control
rs2161765,2,222685565,0.001083,0.8952,Asym AD,Control
rs4784751,16,57056574,0.001083,0.8937,Asym AD,Control
rs2163294,3,141668453,0.001084,0.8976,Asym AD,Control
rs7037234,9,38771831,0.001084,3.149,Asym AD,Control
rs1023355,21,47892806,0.001085,0.8939,Asym AD,Control
rs9456909,6,164384219,0.001085,0.8977,Asym AD,Control
rs9505933,6,169606443,0.001086,0.8971,Asym AD,Control
rs4447485,17,76338687,0.001086,0.8949,Asym AD,Control
rs6795340,3,25609011,0.001087,0.8953,Asym AD,Control
rs4419405,3,103900668,0.001087,0.8912,Asym AD,Control
rs11624967,14,74227246,0.001087,0.8964,Asym AD,Control
rs4668989,2,15929276,0.001088,0.8951,Asym AD,Control
rs3753793,1,86045888,0.00109,0.8925,Asym AD,Control
rs1898749,3,61021526,0.001091,0.8978,Asym AD,Control
rs9680986,3,142551850,0.001093,0.8934,Asym AD,Control
rs3744626,17,27911557,0.001094,0.899,Asym AD,Control
rs10491190,17,12423312,0.001094,0.8931,Asym AD,Control
rs4568359,5,123950609,0.001094,0.3173,Asym AD,Control
rs294482,5,58845915,0.001095,0.8958,Asym AD,Control
rs10484223,14,20504186,0.001097,0.8998,Asym AD,Control
rs6732888,2,127516506,0.001097,0.8958,Asym AD,Control
rs7619556,3,189552371,0.001097,0.896,Asym AD,Control
rs648253,6,160469149,0.001097,0.8987,Asym AD,Control
rs1257026,2,97655963,0.001098,0.8952,Asym AD,Control
rs3861809,18,44008020,0.001098,0.8977,Asym AD,Control
rs2281845,1,201081943,0.001098,0.8936,Asym AD,Control
rs1324322,10,10572751,0.001098,0.8937,Asym AD,Control
rs2044061,8,19723503,0.0011,0.3521,Asym AD,Control
rs1560073,5,5713635,0.001101,0.895,Asym AD,Control
rs13003635,2,151816753,0.001101,0.8959,Asym AD,Control
rs9370742,6,14451276,0.001102,0.8966,Asym AD,Control
rs6078938,20,13134768,0.001102,0.8981,Asym AD,Control
rs6907340,6,19803768,0.001102,0.8955,Asym AD,Control
rs2994626,10,31199350,0.001103,0.8985,Asym AD,Control
rs10013192,4,137023288,0.001103,0.8964,Asym AD,Control
rs1414614,6,94460497,0.001103,0.8925,Asym AD,Control
rs2913968,19,8467235,0.001103,0.8973,Asym AD,Control
rs12491148,3,83536528,0.001103,0.894,Asym AD,Control
rs6574553,14,80818058,0.001104,0.8991,Asym AD,Control
rs11245507,10,126008767,0.001105,0.3549,Asym AD,Control
rs12608350,18,27828310,0.001107,0.8993,Asym AD,Control
rs6685141,1,76810983,0.001108,0.8953,Asym AD,Control
rs4451769,12,60829905,0.001108,0.8994,Asym AD,Control
rs9811661,3,16699558,0.001108,0.8974,Asym AD,Control
rs10857302,4,158503818,0.00111,0.8981,Asym AD,Control
rs841837,1,43380982,0.001111,0.2296,Asym AD,Control
rs11963862,6,91772347,0.001111,0.2905,Asym AD,Control
rs7949169,11,71263378,0.001111,0.8947,Asym AD,Control
rs6451195,5,35315860,0.001111,0.8968,Asym AD,Control
rs12644,10,75197051,0.001113,0.8986,Asym AD,Control
rs17433871,1,23016103,0.001114,0.8965,Asym AD,Control
rs1035239,22,20793914,0.001116,0.897,Asym AD,Control
rs9380326,6,32798283,0.001117,0.8952,Asym AD,Control
rs2126439,14,98220423,0.001117,0.8935,Asym AD,Control
rs663519,1,100592653,0.001117,0.8961,Asym AD,Control
rs12540276,7,27591532,0.001118,0.8947,Asym AD,Control
rs551755,1,229155165,0.001118,0.8962,Asym AD,Control
rs6578061,8,141045732,0.00112,3.541,Asym AD,Control
rs12466578,2,152206979,0.001121,0.8979,Asym AD,Control
rs1678336,4,8254784,0.001121,0.8942,Asym AD,Control
rs312077,19,3211221,0.001122,0.8951,Asym AD,Control
rs10932930,2,222800141,0.001122,0.8946,Asym AD,Control
rs6543018,2,101730288,0.001123,0.8979,Asym AD,Control
rs656305,13,30708378,0.001124,0.8958,Asym AD,Control
rs9673828,16,10845991,0.001124,0.8941,Asym AD,Control
rs2252188,10,14806739,0.001124,0.8949,Asym AD,Control
rs1385337,18,43297843,0.001124,0.8967,Asym AD,Control
rs6490307,13,29089602,0.001126,0.3379,Asym AD,Control
rs4449310,3,118799682,0.001126,0.8968,Asym AD,Control
rs10089590,8,40821132,0.001126,0.8979,Asym AD,Control
rs12894797,14,80792090,0.001126,0.8988,Asym AD,Control
rs2036347,5,84122916,0.001126,0.8962,Asym AD,Control
rs8008701,14,97774161,0.001129,0.3673,Asym AD,Control
rs9768602,7,108757561,0.001129,0.8972,Asym AD,Control
rs6563504,13,31485741,0.001129,0.8883,Asym AD,Control
rs7707262,5,89449392,0.001131,5.426,Asym AD,Control
rs1569580,1,22487500,0.001132,0.8985,Asym AD,Control
rs16928653,9,128845089,0.001132,0.8928,Asym AD,Control
rs9713061,3,93591076,0.001132,0.8982,Asym AD,Control
rs11251056,10,2136063,0.001132,0.8979,Asym AD,Control
rs7523171,1,232596129,0.001132,0.8953,Asym AD,Control
rs10516510,4,105437362,0.001132,0.8878,Asym AD,Control
rs6481157,10,57099471,0.001134,0.897,Asym AD,Control
rs712178,5,142319301,0.001134,0.8986,Asym AD,Control
rs2611143,11,34362999,0.001134,0.8961,Asym AD,Control
rs6023367,20,53191911,0.001135,0.8953,Asym AD,Control
rs867997,10,126052440,0.001135,0.894,Asym AD,Control
rs1256323,1,21851312,0.001135,0.2938,Asym AD,Control
rs9997579,4,188990434,0.001136,0.899,Asym AD,Control
rs6998229,8,1238564,0.001137,0.2925,Asym AD,Control
rs2065150,1,197977954,0.001137,0.329,Asym AD,Control
rs4731100,7,122950090,0.001138,0.8926,Asym AD,Control
rs796063,2,101729443,0.001139,0.8959,Asym AD,Control
rs7984044,13,91049604,0.001139,0.8952,Asym AD,Control
rs1256336,1,21889506,0.00114,0.8926,Asym AD,Control
rs4983382,14,105189504,0.00114,0.8954,Asym AD,Control
rs17807624,8,11463015,0.00114,0.8942,Asym AD,Control
rs868213,16,67220457,0.00114,0.8929,Asym AD,Control
rs2534721,12,6580144,0.001141,0.8954,Asym AD,Control
rs16887849,8,38727972,0.001141,0.8946,Asym AD,Control
rs11720214,3,60592348,0.001142,0.8975,Asym AD,Control
rs10919051,1,169041144,0.001143,0.289,Asym AD,Control
rs2620472,7,147023864,0.001144,0.8972,Asym AD,Control
rs4879352,9,29457656,0.001144,0.8971,Asym AD,Control
rs2260575,1,71258914,0.001146,0.892,Asym AD,Control
rs11193900,10,109883659,0.001146,0.8977,Asym AD,Control
rs2233455,16,67207933,0.001146,0.8917,Asym AD,Control
rs2986261,9,7467934,0.001147,0.8909,Asym AD,Control
rs3849840,8,4070495,0.001147,0.8948,Asym AD,Control
rs479564,1,212629935,0.001149,0.8968,Asym AD,Control
rs13386897,2,237099410,0.001149,0.2821,Asym AD,Control
rs1445338,9,3946361,0.00115,0.8965,Asym AD,Control
rs2833866,21,33909988,0.001151,3.555,Asym AD,Control
rs2364223,12,74103167,0.001151,0.8972,Asym AD,Control
rs9821204,3,139249598,0.001152,0.8963,Asym AD,Control
rs12998772,2,56841968,0.001152,0.895,Asym AD,Control
rs826790,7,147027426,0.001153,0.8976,Asym AD,Control
rs877071,17,55713262,0.001153,0.8962,Asym AD,Control
rs1378228,1,86036573,0.001154,0.8933,Asym AD,Control
rs10508512,10,16532574,0.001154,0.8984,Asym AD,Control
rs6707223,2,2504833,0.001154,0.8956,Asym AD,Control
rs10510457,3,16684658,0.001155,0.8986,Asym AD,Control
rs4771910,13,95929888,0.001155,0.8945,Asym AD,Control
rs7575825,2,199176823,0.001155,0.8974,Asym AD,Control
rs1322884,6,21753645,0.001155,0.8914,Asym AD,Control
rs1992868,3,172220976,0.001156,0.8978,Asym AD,Control
rs1511802,4,187150806,0.001156,3.691,Asym AD,Control
rs10025742,4,28324928,0.001157,0.898,Asym AD,Control
rs927604,14,86232461,0.001157,0.8923,Asym AD,Control
rs9293535,5,89442298,0.001158,5.414,Asym AD,Control
rs153169,5,142277132,0.001158,0.8992,Asym AD,Control
rs4887979,16,78787891,0.001158,0.8911,Asym AD,Control
rs12193343,6,71936292,0.001158,0.8973,Asym AD,Control
rs1952098,13,46276071,0.001158,0.8965,Asym AD,Control
rs4888201,16,82000020,0.001159,0.8893,Asym AD,Control
rs7081010,10,16524175,0.001159,0.8982,Asym AD,Control
rs9462085,6,35404437,0.00116,0.8976,Asym AD,Control
rs1987119,14,51857910,0.00116,0.3422,Asym AD,Control
rs9451925,6,92827954,0.00116,0.8907,Asym AD,Control
rs9590145,13,95613155,0.00116,0.8986,Asym AD,Control
rs12060830,1,149995979,0.001161,0.8946,Asym AD,Control
rs4980080,10,81194236,0.001162,0.8939,Asym AD,Control
rs4757965,11,12914979,0.001163,0.8953,Asym AD,Control
rs875175,2,121899272,0.001164,0.8975,Asym AD,Control
rs891754,17,32810443,0.001164,0.3216,Asym AD,Control
rs4769152,13,21689630,0.001164,0.8965,Asym AD,Control
rs10483413,14,33065432,0.001164,0.89,Asym AD,Control
rs12060945,1,100719130,0.001164,0.8933,Asym AD,Control
rs10045007,5,89441320,0.001164,5.413,Asym AD,Control
rs5992105,22,18283247,0.001165,0.896,Asym AD,Control
rs11752349,6,52739537,0.001165,0.3715,Asym AD,Control
rs1470639,14,81156328,0.001166,0.8977,Asym AD,Control
rs10942832,5,77120649,0.001166,0.895,Asym AD,Control
rs2846398,11,132476973,0.001166,0.8987,Asym AD,Control
rs9597990,13,59918059,0.001166,0.8999,Asym AD,Control
rs6042957,20,14858910,0.001168,0.8962,Asym AD,Control
rs10479267,5,103084134,0.001169,0.9002,Asym AD,Control
rs2280011,10,87365097,0.001169,0.3524,Asym AD,Control
rs2093933,1,109723188,0.001171,0.8991,Asym AD,Control
rs7899961,10,60026425,0.001171,0.8948,Asym AD,Control
rs1345649,19,13611106,0.001171,0.3143,Asym AD,Control
rs806454,6,88803599,0.001171,0.8979,Asym AD,Control
rs484213,11,90042539,0.001171,0.8969,Asym AD,Control
rs8007317,14,101644849,0.001172,0.897,Asym AD,Control
rs6690868,1,5701323,0.001172,0.8971,Asym AD,Control
rs10784767,12,69551789,0.001172,0.8977,Asym AD,Control
rs2239781,22,36705041,0.001173,0.8987,Asym AD,Control
rs13225983,7,6578581,0.001173,0.8985,Asym AD,Control
rs11634023,15,22927167,0.001174,0.8939,Asym AD,Control
rs10901580,10,127962222,0.001175,0.3343,Asym AD,Control
rs1970694,18,28283411,0.001176,0.8946,Asym AD,Control
rs2861854,2,79890100,0.001177,0.8942,Asym AD,Control
rs1534649,8,19799641,0.001177,0.8956,Asym AD,Control
rs9322793,6,104539777,0.001177,0.8977,Asym AD,Control
rs4884812,13,69376482,0.001179,0.8938,Asym AD,Control
rs6996708,8,141163406,0.00118,0.8953,Asym AD,Control
rs7761614,6,97388179,0.00118,0.8948,Asym AD,Control
rs10751211,11,72405223,0.001181,0.8953,Asym AD,Control
rs236358,6,36800611,0.001181,0.892,Asym AD,Control
rs3863105,3,169283495,0.001181,0.8999,Asym AD,Control
rs7095095,10,31361464,0.001181,0.8989,Asym AD,Control
rs769765,15,79711390,0.001182,0.9009,Asym AD,Control
rs1153462,3,3157051,0.001183,0.8975,Asym AD,Control
rs2365293,1,201075245,0.001183,0.8929,Asym AD,Control
rs3799339,6,163726426,0.001184,0.3624,Asym AD,Control
rs11014993,10,26483183,0.001184,0.8957,Asym AD,Control
rs10265974,7,7664696,0.001185,0.8939,Asym AD,Control
rs4814924,20,19882384,0.001185,0.8993,Asym AD,Control
rs7205880,16,25851191,0.001186,0.3515,Asym AD,Control
rs198372,1,11909514,0.001186,0.8963,Asym AD,Control
rs2505730,10,31521891,0.001186,0.896,Asym AD,Control
rs1566548,3,158839647,0.001187,0.8954,Asym AD,Control
rs17010244,4,86369449,0.001189,0.8965,Asym AD,Control
rs559928,11,64150370,0.001189,0.8981,Asym AD,Control
rs1220996,3,150929865,0.00119,0.8977,Asym AD,Control
rs1722418,2,16820305,0.00119,0.8954,Asym AD,Control
rs2784945,6,142283198,0.00119,0.8959,Asym AD,Control
rs3732178,2,61273201,0.001191,0.895,Asym AD,Control
rs9518945,13,103826021,0.001191,0.8949,Asym AD,Control
rs731223,15,39207581,0.001192,0.8977,Asym AD,Control
rs17786760,6,75536940,0.001192,0.8971,Asym AD,Control
rs3006598,10,31184125,0.001193,0.8994,Asym AD,Control
rs10030915,4,158634769,0.001193,0.8968,Asym AD,Control
rs475916,13,28205077,0.001193,0.8993,Asym AD,Control
rs9600573,13,76455141,0.001194,0.8932,Asym AD,Control
rs4822872,22,27779272,0.001194,0.8988,Asym AD,Control
rs6086972,20,9627908,0.001195,4.544,Asym AD,Control
rs13284006,9,22518195,0.001195,0.8961,Asym AD,Control
rs10489760,1,189580639,0.001195,0.8943,Asym AD,Control
rs11870879,17,47747648,0.001196,0.8941,Asym AD,Control
rs2349125,4,45348959,0.001196,0.8958,Asym AD,Control
rs12598,16,68225515,0.001197,0.8958,Asym AD,Control
rs17614930,17,32800062,0.001197,0.8961,Asym AD,Control
rs7317112,13,95923523,0.001197,0.8942,Asym AD,Control
rs4841404,8,10506207,0.001198,0.8977,Asym AD,Control
rs768073,8,18722312,0.001199,0.8987,Asym AD,Control
rs824453,2,19692292,0.001199,0.8956,Asym AD,Control
rs10484087,14,52033135,0.0012,0.8974,Asym AD,Control
rs3733391,4,156289917,0.0012,0.8952,Asym AD,Control
rs3734031,5,156940760,0.001201,0.2804,Asym AD,Control
rs769763,15,79717935,0.001201,0.9013,Asym AD,Control
rs12572848,10,50652603,0.001202,0.8935,Asym AD,Control
rs7173576,15,96841524,0.001202,0.8971,Asym AD,Control
rs9370225,6,53546586,0.001203,0.3404,Asym AD,Control
rs4738371,8,74393626,0.001203,0.8976,Asym AD,Control
rs2084882,10,33865825,0.001204,0.8971,Asym AD,Control
rs9860804,3,30996999,0.001204,0.899,Asym AD,Control
rs7155371,14,71751120,0.001205,0.8992,Asym AD,Control
rs2274490,10,97141523,0.001205,0.8948,Asym AD,Control
rs879687,17,9240634,0.001206,0.8974,Asym AD,Control
rs358380,3,13180372,0.001207,0.8972,Asym AD,Control
rs4649292,1,232463715,0.001207,0.8964,Asym AD,Control
rs4908600,1,7196659,0.001207,0.899,Asym AD,Control
rs918944,7,53657870,0.001207,0.8929,Asym AD,Control
rs12604509,18,51957535,0.001207,0.8975,Asym AD,Control
rs2350310,3,13637116,0.001207,0.8959,Asym AD,Control
rs12675240,8,136730241,0.001207,0.8958,Asym AD,Control
rs4806934,19,3432252,0.001207,0.3757,Asym AD,Control
rs9309176,2,50332400,0.001209,0.8968,Asym AD,Control
rs16931920,9,14543181,0.001209,0.8968,Asym AD,Control
rs2366398,5,89437963,0.00121,5.395,Asym AD,Control
rs341521,13,60399045,0.00121,0.8954,Asym AD,Control
rs9434652,1,8991873,0.00121,0.895,Asym AD,Control
rs4795487,17,27344430,0.001211,0.8972,Asym AD,Control
rs10794004,10,126046479,0.001211,0.8957,Asym AD,Control
rs12985354,19,35837428,0.001211,0.8964,Asym AD,Control
rs3792673,4,164905719,0.001211,0.376,Asym AD,Control
rs11236225,11,74424075,0.001211,0.8972,Asym AD,Control
rs4725709,7,146952081,0.001212,0.8988,Asym AD,Control
rs4447485,17,76338687,0.001212,0.269,Asym AD,Control
rs10029689,4,1533976,0.001212,0.8986,Asym AD,Control
rs2050427,6,77587889,0.001212,0.8925,Asym AD,Control
rs6532345,4,92651110,0.001212,0.8975,Asym AD,Control
rs9913970,17,10765209,0.001213,0.8966,Asym AD,Control
rs155895,3,1401122,0.001215,0.8967,Asym AD,Control
rs7559158,2,33836922,0.001215,0.3018,Asym AD,Control
rs1991147,15,96002632,0.001215,0.9,Asym AD,Control
rs6699085,1,237923989,0.001217,0.8938,Asym AD,Control
rs4265187,8,15190987,0.001217,0.8981,Asym AD,Control
rs11174928,12,40440483,0.001217,0.8958,Asym AD,Control
rs642668,1,193929977,0.001217,0.8957,Asym AD,Control
rs363294,10,119043554,0.001218,0.8995,Asym AD,Control
rs960567,5,9698490,0.001218,0.8971,Asym AD,Control
rs838492,12,125166166,0.001218,0.8947,Asym AD,Control
rs1668145,18,22239376,0.001218,0.8947,Asym AD,Control
rs12810179,12,69172051,0.001219,0.8963,Asym AD,Control
rs1870428,17,15187231,0.001219,0.8944,Asym AD,Control
rs7579067,2,221847734,0.001219,0.8981,Asym AD,Control
rs2269529,22,36684354,0.001219,0.8994,Asym AD,Control
rs2228497,14,38679473,0.001222,0.8967,Asym AD,Control
rs13383306,2,230179536,0.001222,0.8973,Asym AD,Control
rs11009411,10,33806159,0.001222,0.8997,Asym AD,Control
rs739353,17,10020690,0.001222,0.2088,Asym AD,Control
rs7220372,17,40656043,0.001223,0.8985,Asym AD,Control
rs6499196,16,51451319,0.001223,0.8957,Asym AD,Control
rs17202235,2,208220191,0.001223,0.8985,Asym AD,Control
rs1328660,13,34680030,0.001225,0.8956,Asym AD,Control
rs10774915,12,117848867,0.001226,0.8959,Asym AD,Control
rs2835270,21,37450583,0.001226,0.899,Asym AD,Control
rs10748815,10,103690669,0.001226,0.8989,Asym AD,Control
rs12089406,1,245649841,0.001227,0.8934,Asym AD,Control
rs4383971,8,15191015,0.001227,0.8984,Asym AD,Control
rs13118392,4,4896233,0.001227,0.8964,Asym AD,Control
rs2764158,6,4961322,0.001228,0.8986,Asym AD,Control
rs961252,5,33831355,0.001229,0.8977,Asym AD,Control
rs2122961,2,106157527,0.00123,0.8987,Asym AD,Control
rs1365205,8,95685587,0.00123,0.8985,Asym AD,Control
rs282149,20,561125,0.00123,0.8981,Asym AD,Control
rs2669460,13,104643963,0.00123,0.895,Asym AD,Control
rs11180882,12,41784997,0.001231,0.8995,Asym AD,Control
rs7578216,2,195832688,0.001231,0.8938,Asym AD,Control
rs7153058,14,47631898,0.001231,0.8951,Asym AD,Control
rs12885336,14,38682981,0.001231,0.8965,Asym AD,Control
rs6975771,7,116122845,0.001231,0.8985,Asym AD,Control
rs5992105,22,18283247,0.001232,0.2347,Asym AD,Control
rs331706,5,124890054,0.001233,0.8995,Asym AD,Control
rs8084638,18,22747808,0.001234,0.8966,Asym AD,Control
rs932012,4,140696130,0.001234,0.8961,Asym AD,Control
rs9998812,4,158608616,0.001235,0.8972,Asym AD,Control
rs4751140,10,131664108,0.001235,0.897,Asym AD,Control
rs11706840,3,194524634,0.001236,0.8931,Asym AD,Control
rs9900684,17,27732942,0.001236,0.8968,Asym AD,Control
rs2728076,3,2684357,0.001236,0.8996,Asym AD,Control
rs11717532,3,125800761,0.001237,0.8988,Asym AD,Control
rs285545,2,4726231,0.001237,0.898,Asym AD,Control
rs2314,9,90036219,0.001237,0.897,Asym AD,Control
rs390253,9,107969815,0.001238,0.8976,Asym AD,Control
rs4591876,6,123549610,0.001238,0.8944,Asym AD,Control
rs9573961,13,77540256,0.001239,0.8929,Asym AD,Control
rs9573423,13,75187987,0.001239,0.3523,Asym AD,Control
rs2223361,6,19790809,0.00124,0.8961,Asym AD,Control
rs12674658,8,72774642,0.00124,0.8981,Asym AD,Control
rs11188277,10,97082300,0.00124,0.8976,Asym AD,Control
rs942453,1,150257262,0.00124,0.8971,Asym AD,Control
rs10095671,8,133378663,0.00124,0.898,Asym AD,Control
rs2411137,17,75639624,0.00124,0.8989,Asym AD,Control
rs4727809,7,114592049,0.001241,0.8984,Asym AD,Control
rs7094544,10,10580437,0.001241,0.8941,Asym AD,Control
rs13396805,2,151821512,0.001241,0.8969,Asym AD,Control
rs6785766,3,158831718,0.001242,0.8963,Asym AD,Control
rs7632290,3,29484510,0.001242,0.8966,Asym AD,Control
rs7855669,9,100310711,0.001242,0.8972,Asym AD,Control
rs11024097,11,16999029,0.001242,0.8958,Asym AD,Control
rs978165,13,89033066,0.001243,0.8944,Asym AD,Control
rs10860001,12,96441877,0.001243,0.193,Asym AD,Control
rs12501116,4,188971489,0.001243,0.8965,Asym AD,Control
rs11952632,5,21813303,0.001243,0.8974,Asym AD,Control
rs750612,5,104109586,0.001244,0.8997,Asym AD,Control
rs4685080,3,14253947,0.001245,0.8979,Asym AD,Control
rs7837404,8,2980976,0.001245,0.8968,Asym AD,Control
rs4260027,15,83457424,0.001245,0.8975,Asym AD,Control
rs549257,12,130713953,0.001245,0.8933,Asym AD,Control
rs2891779,8,124555833,0.001246,0.899,Asym AD,Control
rs1671966,13,32185002,0.001247,0.8995,Asym AD,Control
rs9634811,13,48464175,0.001247,0.8969,Asym AD,Control
rs9311860,3,63214900,0.001249,0.3289,Asym AD,Control
rs373561,20,15064452,0.001249,0.9014,Asym AD,Control
rs10757321,9,22379219,0.001249,0.8946,Asym AD,Control
rs7645827,3,146997009,0.00125,0.8957,Asym AD,Control
rs9790969,5,29466930,0.00125,0.8973,Asym AD,Control
rs940532,2,16829764,0.00125,0.8967,Asym AD,Control
rs12356312,10,109115199,0.001251,0.8997,Asym AD,Control
rs13438990,8,111091089,0.001251,0.8965,Asym AD,Control
rs10786134,10,95500156,0.001251,0.8961,Asym AD,Control
rs6781000,3,107222388,0.001251,0.8977,Asym AD,Control
rs1834134,2,222857113,0.001252,0.8964,Asym AD,Control
rs12368906,12,94890011,0.001252,0.8967,Asym AD,Control
rs760370,6,44200953,0.001253,0.8969,Asym AD,Control
rs6737791,2,242918203,0.001253,0.8961,Asym AD,Control
rs16923195,9,5512522,0.001253,0.8985,Asym AD,Control
rs1289859,1,117892669,0.001253,0.8975,Asym AD,Control
rs10869726,9,78804704,0.001253,0.896,Asym AD,Control
rs2476842,6,566741,0.001254,0.8979,Asym AD,Control
rs927606,13,109856321,0.001254,0.8949,Asym AD,Control
rs10999882,10,73326340,0.001255,0.8948,Asym AD,Control
rs1325330,13,91048937,0.001255,0.8977,Asym AD,Control
rs1574517,8,9260534,0.001255,0.8935,Asym AD,Control
rs1107256,1,201373844,0.001255,0.8978,Asym AD,Control
rs9293526,5,89067547,0.001256,0.897,Asym AD,Control
rs1601670,12,18930338,0.001256,0.8992,Asym AD,Control
rs2025405,13,38170523,0.001256,0.8964,Asym AD,Control
rs6738894,2,129416319,0.001257,0.8977,Asym AD,Control
rs541320,1,110132098,0.001257,0.8962,Asym AD,Control
rs276855,15,39531313,0.001257,0.8963,Asym AD,Control
rs11972231,7,25402437,0.001258,0.8991,Asym AD,Control
rs2828571,21,25241468,0.001259,0.8988,Asym AD,Control
rs17716058,2,79885036,0.001259,0.8968,Asym AD,Control
rs11852946,15,39188421,0.001259,0.897,Asym AD,Control
rs1110904,12,124983616,0.001259,0.8969,Asym AD,Control
rs9472202,6,44021286,0.001259,0.8944,Asym AD,Control
rs4691713,4,161837715,0.001259,0.8977,Asym AD,Control
rs587639,8,132725731,0.001259,0.899,Asym AD,Control
rs871988,10,99003375,0.00126,0.899,Asym AD,Control
rs1826909,4,100217743,0.00126,0.8966,Asym AD,Control
rs10484331,6,8995233,0.00126,0.8973,Asym AD,Control
rs1345649,19,13611106,0.001261,0.8961,Asym AD,Control
rs4958756,5,154045825,0.001261,3.742,Asym AD,Control
rs2839509,21,43846729,0.001261,0.8969,Asym AD,Control
rs7915501,10,99257815,0.001261,0.8975,Asym AD,Control
rs10516748,4,86366812,0.001262,0.8977,Asym AD,Control
rs9651752,11,71278915,0.001262,0.8971,Asym AD,Control
rs10841085,12,18909922,0.001262,0.8994,Asym AD,Control
rs2079867,12,6622111,0.001263,0.8976,Asym AD,Control
rs1294028,1,9364634,0.001264,0.8945,Asym AD,Control
rs2072374,12,6637845,0.001264,0.8973,Asym AD,Control
rs9822544,3,194533470,0.001264,0.8941,Asym AD,Control
rs11789633,9,4321558,0.001265,0.8966,Asym AD,Control
rs750683,13,30717106,0.001265,0.8976,Asym AD,Control
rs4762172,12,95493912,0.001265,0.8995,Asym AD,Control
rs10800399,1,168956784,0.001267,0.8973,Asym AD,Control
rs17633025,2,41305293,0.001267,0.8926,Asym AD,Control
rs960603,1,205812614,0.001268,0.8972,Asym AD,Control
rs6142678,20,60325816,0.001268,0.8997,Asym AD,Control
rs871988,10,99003375,0.001268,4.336,Asym AD,Control
rs339620,1,194839289,0.001269,0.8982,Asym AD,Control
rs1893691,18,28265420,0.001269,0.8947,Asym AD,Control
rs155916,1,189566655,0.001269,0.8954,Asym AD,Control
rs6079161,20,13731813,0.001269,0.8928,Asym AD,Control
rs4669727,2,11540489,0.001269,0.8968,Asym AD,Control
rs1396353,8,118761500,0.00127,0.9009,Asym AD,Control
rs6123661,20,55707457,0.00127,0.8954,Asym AD,Control
rs2799685,1,201369279,0.001272,0.8961,Asym AD,Control
rs6849668,4,81764113,0.001272,0.8969,Asym AD,Control
rs4870053,6,152092749,0.001272,0.8985,Asym AD,Control
rs318572,7,34276765,0.001273,0.8961,Asym AD,Control
rs2237494,7,15652477,0.001274,0.8953,Asym AD,Control
rs13103321,4,100220240,0.001274,0.8965,Asym AD,Control
rs6012200,20,36067873,0.001274,3.658,Asym AD,Control
rs4682826,3,46705369,0.001275,0.8975,Asym AD,Control
rs4975001,4,39266464,0.001275,0.898,Asym AD,Control
rs372543,14,46336392,0.001275,0.8999,Asym AD,Control
rs2053420,18,67967279,0.001276,0.8969,Asym AD,Control
rs8039999,15,101695622,0.001276,0.8936,Asym AD,Control
rs2282316,1,247875415,0.001276,0.898,Asym AD,Control
rs7833686,8,90546979,0.001277,0.8951,Asym AD,Control
rs1542891,5,77083651,0.001277,0.8972,Asym AD,Control
rs8192440,12,107395106,0.001277,0.8988,Asym AD,Control
rs1950927,14,52079210,0.001277,0.8975,Asym AD,Control
rs7909225,10,121423961,0.001278,0.8986,Asym AD,Control
rs7906577,10,121418228,0.001278,0.8986,Asym AD,Control
rs17099142,10,121423364,0.001278,0.8986,Asym AD,Control
rs7516954,1,223846564,0.001278,0.8987,Asym AD,Control
rs11991767,8,21032148,0.001279,0.8974,Asym AD,Control
rs13139027,4,4926166,0.001279,0.8951,Asym AD,Control
rs10960412,9,1207469,0.001279,0.8996,Asym AD,Control
rs7952041,11,99069209,0.001279,0.8994,Asym AD,Control
rs2770043,13,42079410,0.001279,0.8969,Asym AD,Control
rs9683765,4,151091007,0.001279,0.8996,Asym AD,Control
rs891754,17,32810443,0.001279,0.8977,Asym AD,Control
rs13381189,18,631211,0.00128,0.8988,Asym AD,Control
rs10748744,10,83161858,0.00128,0.8966,Asym AD,Control
rs11193377,10,109118904,0.001281,0.8999,Asym AD,Control
rs726817,10,95459817,0.001282,0.8991,Asym AD,Control
rs1409191,6,85797051,0.001282,0.898,Asym AD,Control
rs4380914,8,132311479,0.001282,0.8996,Asym AD,Control
rs985233,14,80900142,0.001283,0.899,Asym AD,Control
rs6892282,5,159360485,0.001283,0.897,Asym AD,Control
rs1950506,6,44024262,0.001283,0.897,Asym AD,Control
rs894769,18,47741226,0.001284,0.8971,Asym AD,Control
rs4148542,13,95680590,0.001284,0.8991,Asym AD,Control
rs10968281,9,28013298,0.001284,0.8981,Asym AD,Control
rs6070379,20,56767553,0.001284,0.8966,Asym AD,Control
rs8061112,16,11501432,0.001284,0.891,Asym AD,Control
rs10268483,7,147061654,0.001285,0.8985,Asym AD,Control
rs1471915,1,230402624,0.001285,0.8996,Asym AD,Control
rs1396239,14,77600937,0.001285,0.8973,Asym AD,Control
rs10866046,3,61215497,0.001285,0.8937,Asym AD,Control
rs10180043,2,56068378,0.001285,0.8982,Asym AD,Control
rs2463822,11,62103420,0.001285,0.9001,Asym AD,Control
rs2428469,7,79765622,0.001286,0.8996,Asym AD,Control
rs7741771,6,123549991,0.001286,0.8975,Asym AD,Control
rs2540078,3,3156811,0.001287,0.8984,Asym AD,Control
rs695053,4,90124654,0.001287,0.9017,Asym AD,Control
rs9362210,6,86118728,0.001287,0.8967,Asym AD,Control
rs7614855,3,24981701,0.001287,0.8988,Asym AD,Control
rs6475646,9,22454150,0.001287,0.8957,Asym AD,Control
rs11683083,2,146426796,0.001288,0.8946,Asym AD,Control
rs10131983,14,74835298,0.001288,0.8975,Asym AD,Control
rs12131109,1,117942862,0.001289,0.898,Asym AD,Control
rs9434845,1,7177813,0.001289,0.9,Asym AD,Control
rs3205,20,42179445,0.00129,0.8966,Asym AD,Control
rs12051,17,46103760,0.00129,0.8997,Asym AD,Control
rs11627426,14,98192042,0.00129,0.8957,Asym AD,Control
rs17156700,5,103919615,0.00129,0.8994,Asym AD,Control
rs1833036,1,216707012,0.00129,0.8993,Asym AD,Control
rs4798539,18,7207967,0.001291,0.897,Asym AD,Control
rs7810218,7,22830007,0.001291,0.9018,Asym AD,Control
rs16937344,11,20024139,0.001291,0.1805,Asym AD,Control
rs2456110,6,126195500,0.001292,0.898,Asym AD,Control
rs7622001,3,131183784,0.001292,0.8946,Asym AD,Control
rs740851,12,6638350,0.001293,0.8959,Asym AD,Control
rs6723103,2,129421376,0.001293,0.8985,Asym AD,Control
rs10499738,7,54497328,0.001293,0.8977,Asym AD,Control
rs7844566,8,42489842,0.001293,0.8972,Asym AD,Control
rs831007,2,170138506,0.001293,0.8937,Asym AD,Control
rs11222841,11,131790487,0.001293,0.897,Asym AD,Control
rs10114139,9,126101008,0.001294,0.8981,Asym AD,Control
rs7902822,10,95470199,0.001294,0.8981,Asym AD,Control
rs1480617,6,49580558,0.001294,0.8968,Asym AD,Control
rs6601604,8,11575518,0.001295,0.8988,Asym AD,Control
rs6916251,6,19761215,0.001296,0.8966,Asym AD,Control
rs447909,5,104028100,0.001296,0.899,Asym AD,Control
rs7976838,12,60086206,0.001296,0.8983,Asym AD,Control
rs214023,14,78813286,0.001296,0.8932,Asym AD,Control
rs951917,2,172511925,0.001296,0.8975,Asym AD,Control
rs10836645,11,36985037,0.001296,0.8948,Asym AD,Control
rs798365,2,16896756,0.001297,0.8962,Asym AD,Control
rs3818217,20,18512739,0.001297,0.897,Asym AD,Control
rs6442742,3,2688399,0.001298,0.9,Asym AD,Control
rs4904574,14,89898750,0.001298,0.8959,Asym AD,Control
rs1855786,1,5692728,0.001298,0.8979,Asym AD,Control
rs2302365,12,6884244,0.001298,0.8931,Asym AD,Control
rs2107191,6,29434295,0.001298,3.414,Asym AD,Control
rs10876651,12,55316051,0.001298,0.896,Asym AD,Control
rs7570354,2,48383746,0.001299,0.8976,Asym AD,Control
rs13275942,8,118921721,4.738e-06,0.3292,Asym AD,Typical AD
rs12473084,2,205090645,5.111e-06,0.3324,Asym AD,Typical AD
rs1912579,19,21982352,6.571e-06,0.3349,Asym AD,Typical AD
rs4762254,12,96330581,6.857e-06,0.3356,Asym AD,Typical AD
rs12133319,1,210794866,7.261e-06,0.3463,Asym AD,Typical AD
rs1518492,4,73433875,7.273e-06,0.342,Asym AD,Typical AD
rs10161146,12,96323420,7.332e-06,0.3379,Asym AD,Typical AD
rs10815347,9,6064103,7.438e-06,0.3421,Asym AD,Typical AD
rs1624157,6,148815558,7.686e-06,0.3378,Asym AD,Typical AD
rs7840309,8,118940981,7.89e-06,0.3398,Asym AD,Typical AD
rs10955841,8,118946541,7.913e-06,0.3352,Asym AD,Typical AD
rs2121139,19,34583700,8.008e-06,0.3398,Asym AD,Typical AD
rs1359128,13,95046068,8.068e-06,0.3468,Asym AD,Typical AD
rs13255959,8,119012781,8.105e-06,0.3432,Asym AD,Typical AD
rs9451101,6,89620255,8.124e-06,0.344,Asym AD,Typical AD
rs6493403,15,50419675,8.229e-06,0.342,Asym AD,Typical AD
rs7006696,8,119007276,8.301e-06,0.3434,Asym AD,Typical AD
rs10085363,6,89310475,8.37e-06,0.3453,Asym AD,Typical AD
rs565536,11,128136389,8.466e-06,0.347,Asym AD,Typical AD
rs12981693,19,14983544,8.839e-06,0.3551,Asym AD,Typical AD
rs3778172,6,89349438,9.189e-06,0.347,Asym AD,Typical AD
rs2678902,2,58138581,9.491e-06,0.3452,Asym AD,Typical AD
rs6740374,2,177124224,9.686e-06,0.3228,Asym AD,Typical AD
rs7588661,2,216253454,9.921e-06,0.3455,Asym AD,Typical AD
rs9557318,13,100512107,1.011e-05,0.3465,Asym AD,Typical AD
rs9882688,3,44135356,1.011e-05,0.3508,Asym AD,Typical AD
rs4762651,12,96350254,1.015e-05,0.3491,Asym AD,Typical AD
rs17499601,15,50427646,1.016e-05,0.3462,Asym AD,Typical AD
rs4812492,20,39938122,1.016e-05,0.3489,Asym AD,Typical AD
rs10434128,4,149245293,1.026e-05,0.3427,Asym AD,Typical AD
rs2164939,18,76349043,1.039e-05,0.3457,Asym AD,Typical AD
rs6427993,1,203104064,1.05e-05,0.3525,Asym AD,Typical AD
rs667892,1,34189552,1.053e-05,0.3522,Asym AD,Typical AD
rs9898775,17,75270088,1.062e-05,0.3476,Asym AD,Typical AD
rs715243,9,87216845,1.073e-05,0.3517,Asym AD,Typical AD
rs1467344,7,11783957,1.074e-05,0.3479,Asym AD,Typical AD
rs9612921,22,25661725,1.075e-05,0.3475,Asym AD,Typical AD
rs12211969,6,163733168,1.101e-05,0.351,Asym AD,Typical AD
rs510280,1,244169914,1.113e-05,0.3546,Asym AD,Typical AD
rs6131691,20,15720528,1.119e-05,0.3519,Asym AD,Typical AD
rs7575234,2,216268902,1.119e-05,0.3482,Asym AD,Typical AD
rs7788807,7,4768038,1.122e-05,0.3495,Asym AD,Typical AD
rs10251377,7,147117454,1.125e-05,0.3487,Asym AD,Typical AD
rs9692869,8,118903024,1.136e-05,0.3534,Asym AD,Typical AD
rs1925768,6,9906751,1.136e-05,0.3558,Asym AD,Typical AD
rs9555547,13,109701627,1.143e-05,0.3456,Asym AD,Typical AD
rs2660178,10,55766507,1.161e-05,0.3533,Asym AD,Typical AD
rs2023001,6,162927803,1.164e-05,0.3547,Asym AD,Typical AD
rs220761,6,165823608,1.168e-05,0.3728,Asym AD,Typical AD
rs2166413,11,25098691,1.191e-05,0.3584,Asym AD,Typical AD
rs11247894,1,26597673,1.196e-05,0.3539,Asym AD,Typical AD
rs6499068,16,66296559,1.198e-05,0.352,Asym AD,Typical AD
rs1453504,16,16925005,1.207e-05,0.3529,Asym AD,Typical AD
rs9350276,6,20740296,1.215e-05,0.3507,Asym AD,Typical AD
rs12200224,6,89522122,1.233e-05,0.3589,Asym AD,Typical AD
rs1004704,16,48537421,1.246e-05,0.3565,Asym AD,Typical AD
rs1385464,3,3967467,1.249e-05,0.3558,Asym AD,Typical AD
rs12208298,6,89709564,1.251e-05,0.3537,Asym AD,Typical AD
rs841853,1,43401438,1.254e-05,0.3545,Asym AD,Typical AD
rs3920217,4,149254723,1.256e-05,0.3551,Asym AD,Typical AD
rs1528523,7,147177691,1.257e-05,0.3493,Asym AD,Typical AD
rs672586,9,110978859,1.266e-05,0.3521,Asym AD,Typical AD
rs9442769,6,73029875,1.27e-05,0.3597,Asym AD,Typical AD
rs4343272,16,16928994,1.272e-05,0.3542,Asym AD,Typical AD
rs2316692,8,117351973,1.284e-05,0.3572,Asym AD,Typical AD
rs12804771,11,133220944,1.287e-05,0.3607,Asym AD,Typical AD
rs2247526,21,34657687,1.291e-05,0.3552,Asym AD,Typical AD
rs2679095,15,88050334,1.296e-05,0.3529,Asym AD,Typical AD
rs10506202,12,42021348,1.304e-05,0.3554,Asym AD,Typical AD
rs1173756,5,32789852,1.312e-05,0.3573,Asym AD,Typical AD
rs1563095,16,16943126,1.322e-05,0.3549,Asym AD,Typical AD
rs16968824,16,16934295,1.322e-05,0.3549,Asym AD,Typical AD
rs8049762,16,16940456,1.322e-05,0.3549,Asym AD,Typical AD
rs2958268,15,39048533,1.329e-05,0.3611,Asym AD,Typical AD
rs10223700,6,89673861,1.334e-05,0.3545,Asym AD,Typical AD
rs10248368,7,141819278,1.335e-05,0.3495,Asym AD,Typical AD
rs7936604,11,82836379,1.339e-05,0.3581,Asym AD,Typical AD
rs318987,11,131356297,1.34e-05,0.3593,Asym AD,Typical AD
rs11666402,19,10219076,1.347e-05,0.3603,Asym AD,Typical AD
rs2209044,6,134132238,1.35e-05,0.3567,Asym AD,Typical AD
rs2281285,20,1972460,1.351e-05,0.3561,Asym AD,Typical AD
rs4900312,14,96678974,1.352e-05,0.3596,Asym AD,Typical AD
rs10791946,11,67588012,1.353e-05,0.359,Asym AD,Typical AD
rs17028,10,43623812,1.354e-05,0.3542,Asym AD,Typical AD
rs6137308,20,2181686,1.361e-05,0.3618,Asym AD,Typical AD
rs1561406,19,8751106,1.362e-05,0.3568,Asym AD,Typical AD
rs11060036,12,129432789,1.365e-05,0.3608,Asym AD,Typical AD
rs9609652,22,33287772,1.368e-05,0.352,Asym AD,Typical AD
rs2865384,4,96145120,1.368e-05,0.3551,Asym AD,Typical AD
rs9944194,15,71125909,1.375e-05,0.3589,Asym AD,Typical AD
rs639693,3,150600047,1.378e-05,0.3588,Asym AD,Typical AD
rs10496839,2,141049869,1.384e-05,0.3571,Asym AD,Typical AD
rs10940277,5,52184613,1.394e-05,0.3642,Asym AD,Typical AD
rs11098524,4,120390032,1.399e-05,0.3573,Asym AD,Typical AD
rs2306614,11,72408266,1.401e-05,0.3562,Asym AD,Typical AD
rs2748289,6,107162032,1.402e-05,0.352,Asym AD,Typical AD
rs701627,1,208646090,1.402e-05,0.3495,Asym AD,Typical AD
rs7474843,10,58340191,1.407e-05,0.3603,Asym AD,Typical AD
rs3113176,7,67778319,1.415e-05,0.3581,Asym AD,Typical AD
rs7319493,13,114175038,1.421e-05,0.3622,Asym AD,Typical AD
rs730934,4,68024153,1.429e-05,0.3568,Asym AD,Typical AD
rs11164137,13,114175873,1.43e-05,0.3626,Asym AD,Typical AD
rs4909372,8,138498302,1.431e-05,0.3604,Asym AD,Typical AD
rs2026937,6,135439263,1.435e-05,0.3553,Asym AD,Typical AD
rs182009,3,189088573,1.436e-05,0.3603,Asym AD,Typical AD
rs4075131,13,31310919,1.441e-05,0.3631,Asym AD,Typical AD
rs2381530,9,6986190,1.445e-05,0.3572,Asym AD,Typical AD
rs12645989,4,9722133,1.446e-05,0.3551,Asym AD,Typical AD
rs163603,1,77075248,1.453e-05,0.3575,Asym AD,Typical AD
rs9566,19,30192475,1.455e-05,0.3624,Asym AD,Typical AD
rs2272666,8,145580984,1.456e-05,0.3614,Asym AD,Typical AD
rs621707,18,9676409,1.459e-05,0.3616,Asym AD,Typical AD
rs17050,11,25102331,1.46e-05,0.3646,Asym AD,Typical AD
rs12663264,6,148828253,1.462e-05,0.3592,Asym AD,Typical AD
rs8012860,14,40401266,1.468e-05,0.3578,Asym AD,Typical AD
rs897496,1,18412381,1.476e-05,0.3641,Asym AD,Typical AD
rs1406811,6,135440127,1.479e-05,0.3557,Asym AD,Typical AD
rs1055813,14,85886214,1.481e-05,0.3531,Asym AD,Typical AD
rs16902104,8,128340908,1.484e-05,0.3629,Asym AD,Typical AD
rs9585410,13,101009454,1.488e-05,0.3592,Asym AD,Typical AD
rs7204999,16,25650162,1.491e-05,0.3599,Asym AD,Typical AD
rs1890789,1,18331332,1.493e-05,0.3626,Asym AD,Typical AD
rs4958445,5,149638360,1.493e-05,0.3605,Asym AD,Typical AD
rs6965341,7,47791977,1.496e-05,0.3592,Asym AD,Typical AD
rs2618139,2,218326801,1.504e-05,0.3622,Asym AD,Typical AD
rs4953058,2,44304047,1.505e-05,0.362,Asym AD,Typical AD
rs7745098,6,135415004,1.514e-05,0.358,Asym AD,Typical AD
rs7331655,13,22786026,1.515e-05,0.3573,Asym AD,Typical AD
rs6978820,7,147192154,1.518e-05,0.3537,Asym AD,Typical AD
rs3117324,6,33324527,1.52e-05,0.361,Asym AD,Typical AD
rs4523101,6,127740939,1.529e-05,0.3595,Asym AD,Typical AD
rs11003889,10,55623229,1.531e-05,0.366,Asym AD,Typical AD
rs2824499,21,19179271,1.534e-05,0.3597,Asym AD,Typical AD
rs7078148,10,8225401,1.536e-05,0.3601,Asym AD,Typical AD
rs1961329,11,116040364,1.539e-05,0.3543,Asym AD,Typical AD
rs1488514,7,95627771,1.54e-05,0.3602,Asym AD,Typical AD
rs1783390,21,23247498,1.545e-05,0.3579,Asym AD,Typical AD
rs10858504,12,77591416,1.551e-05,0.362,Asym AD,Typical AD
rs476141,1,244176424,1.551e-05,0.3598,Asym AD,Typical AD
rs16968987,17,55010062,1.552e-05,0.3635,Asym AD,Typical AD
rs4692346,4,26072585,1.557e-05,0.3557,Asym AD,Typical AD
rs399295,5,125287589,1.56e-05,0.3667,Asym AD,Typical AD
rs13339424,16,84596258,1.562e-05,0.3636,Asym AD,Typical AD
rs11779160,8,18967822,1.571e-05,0.3644,Asym AD,Typical AD
rs2509172,11,69976424,1.572e-05,0.3609,Asym AD,Typical AD
rs390112,16,84285777,1.576e-05,0.3577,Asym AD,Typical AD
rs11083228,18,25388300,1.576e-05,0.3625,Asym AD,Typical AD
rs10878344,12,66303735,1.58e-05,0.3594,Asym AD,Typical AD
rs133838,22,44834475,1.58e-05,0.3603,Asym AD,Typical AD
rs8038935,15,54503072,1.582e-05,0.3558,Asym AD,Typical AD
rs7192392,16,78932378,1.585e-05,0.3675,Asym AD,Typical AD
rs161116,1,96499450,1.586e-05,0.3504,Asym AD,Typical AD
rs9937351,16,72234472,1.588e-05,0.3588,Asym AD,Typical AD
rs12169637,22,33279447,1.588e-05,0.3656,Asym AD,Typical AD
rs366921,12,41999773,1.589e-05,0.3596,Asym AD,Typical AD
rs9390576,6,148820512,1.593e-05,0.3624,Asym AD,Typical AD
rs9547129,13,85857065,1.593e-05,0.3622,Asym AD,Typical AD
rs7024727,9,34730395,1.596e-05,0.3667,Asym AD,Typical AD
rs2282851,6,33280309,1.597e-05,0.3604,Asym AD,Typical AD
rs2239839,6,33288075,1.597e-05,0.3604,Asym AD,Typical AD
rs2509141,11,69964525,1.598e-05,0.3569,Asym AD,Typical AD
rs6937991,6,124705214,1.599e-05,0.3622,Asym AD,Typical AD
rs4965572,15,100600599,1.6e-05,0.3494,Asym AD,Typical AD
rs907496,4,26081846,1.603e-05,0.362,Asym AD,Typical AD
rs10124246,9,34713129,1.604e-05,0.3657,Asym AD,Typical AD
rs1462147,6,106982488,1.608e-05,0.3669,Asym AD,Typical AD
rs2645370,4,101886921,1.609e-05,0.3595,Asym AD,Typical AD
rs10088105,8,21565015,1.611e-05,0.362,Asym AD,Typical AD
rs2383022,9,17485598,1.611e-05,0.3637,Asym AD,Typical AD
rs1993556,5,162373967,1.612e-05,0.3625,Asym AD,Typical AD
rs7854386,9,138120574,1.619e-05,0.3616,Asym AD,Typical AD
rs2477131,1,17636321,1.623e-05,0.3575,Asym AD,Typical AD
rs10776740,1,112610318,1.625e-05,0.3703,Asym AD,Typical AD
rs7867530,9,91415414,1.627e-05,0.3606,Asym AD,Typical AD
rs11114503,12,80936082,1.627e-05,0.3618,Asym AD,Typical AD
rs2250681,17,38950614,1.628e-05,0.3627,Asym AD,Typical AD
rs7725112,5,173996604,1.629e-05,0.3658,Asym AD,Typical AD
rs17787283,3,24273552,1.631e-05,0.3618,Asym AD,Typical AD
rs1364471,2,186209004,1.639e-05,0.3649,Asym AD,Typical AD
rs10462081,5,44800665,1.65e-05,0.3649,Asym AD,Typical AD
rs9637783,5,44819646,1.65e-05,0.3649,Asym AD,Typical AD
rs2590498,9,138440045,1.651e-05,0.3642,Asym AD,Typical AD
rs1973532,5,31898172,1.658e-05,0.3697,Asym AD,Typical AD
rs7238802,18,30556985,1.658e-05,0.3647,Asym AD,Typical AD
rs787361,4,67904595,1.66e-05,0.3594,Asym AD,Typical AD
rs10140287,14,22069779,1.661e-05,0.3708,Asym AD,Typical AD
rs12060945,1,100719130,1.661e-05,0.363,Asym AD,Typical AD
rs2275887,9,21017828,1.662e-05,0.3614,Asym AD,Typical AD
rs11793787,9,139860631,1.663e-05,0.3633,Asym AD,Typical AD
rs7790550,7,147157377,1.671e-05,0.3587,Asym AD,Typical AD
rs13226917,7,21982300,1.671e-05,0.3617,Asym AD,Typical AD
rs11621540,14,33630326,1.672e-05,0.3612,Asym AD,Typical AD
rs7282991,21,46781023,1.673e-05,0.362,Asym AD,Typical AD
rs862991,1,159164364,1.677e-05,0.3581,Asym AD,Typical AD
rs1144372,13,78298455,1.684e-05,0.3625,Asym AD,Typical AD
rs1409106,6,53860598,1.686e-05,0.3634,Asym AD,Typical AD
rs2069327,6,48626970,1.689e-05,0.3683,Asym AD,Typical AD
rs3106192,6,33326250,1.69e-05,0.3657,Asym AD,Typical AD
rs558076,17,67335782,1.69e-05,0.3636,Asym AD,Typical AD
rs1431273,13,109688590,1.691e-05,0.357,Asym AD,Typical AD
rs1796518,6,26388672,1.691e-05,0.3638,Asym AD,Typical AD
rs892874,2,137901254,1.692e-05,0.3586,Asym AD,Typical AD
rs2699983,3,109037859,1.694e-05,0.364,Asym AD,Typical AD
rs13002829,2,47486300,1.697e-05,0.3624,Asym AD,Typical AD
rs1410602,10,97105575,1.7e-05,0.3624,Asym AD,Typical AD
rs12220359,10,5877213,1.703e-05,0.3673,Asym AD,Typical AD
rs4503492,11,25047871,1.706e-05,0.3678,Asym AD,Typical AD
rs9547461,13,36937681,1.707e-05,0.3595,Asym AD,Typical AD
rs9423407,10,5355712,1.707e-05,0.3672,Asym AD,Typical AD
rs2235751,20,1969934,1.707e-05,0.364,Asym AD,Typical AD
rs260513,1,2180524,1.715e-05,0.3628,Asym AD,Typical AD
rs2118539,3,69114005,1.716e-05,0.3657,Asym AD,Typical AD
rs3733236,4,76923998,1.718e-05,0.367,Asym AD,Typical AD
rs6577060,13,114303006,1.718e-05,0.371,Asym AD,Typical AD
rs16939987,15,87721668,1.72e-05,0.367,Asym AD,Typical AD
rs7788775,7,141817070,1.721e-05,0.3624,Asym AD,Typical AD
rs6436459,2,224880336,1.724e-05,0.3621,Asym AD,Typical AD
rs9330321,2,110290160,1.725e-05,0.363,Asym AD,Typical AD
rs2029397,2,179679804,1.726e-05,0.3624,Asym AD,Typical AD
rs11983726,7,50087970,1.727e-05,0.3539,Asym AD,Typical AD
rs2007200,1,22807171,1.728e-05,0.3605,Asym AD,Typical AD
rs7002471,8,73537285,1.728e-05,0.3652,Asym AD,Typical AD
rs9320988,6,124704731,1.73e-05,0.3639,Asym AD,Typical AD
rs17801352,12,27798144,1.738e-05,0.3629,Asym AD,Typical AD
rs3808782,9,17340864,1.739e-05,0.3676,Asym AD,Typical AD
rs1642742,3,10191943,1.739e-05,0.3608,Asym AD,Typical AD
rs1205498,6,22856407,1.741e-05,0.3643,Asym AD,Typical AD
rs1524845,15,24061497,1.744e-05,0.3632,Asym AD,Typical AD
rs376926,9,108058559,1.744e-05,0.3545,Asym AD,Typical AD
rs16838484,2,138018893,1.749e-05,0.3673,Asym AD,Typical AD
rs11545737,14,74035671,1.75e-05,0.3645,Asym AD,Typical AD
rs7903146,10,114758349,1.75e-05,0.3634,Asym AD,Typical AD
rs1001396,7,4718631,1.752e-05,0.3642,Asym AD,Typical AD
rs9577623,13,112534493,1.754e-05,0.3652,Asym AD,Typical AD
rs17430829,15,37130995,1.758e-05,0.3646,Asym AD,Typical AD
rs11746506,5,44812566,1.76e-05,0.3669,Asym AD,Typical AD
rs7823896,8,110217266,1.761e-05,0.3651,Asym AD,Typical AD
rs1447657,3,125929471,1.763e-05,0.3658,Asym AD,Typical AD
rs3830064,20,1975679,1.766e-05,0.3633,Asym AD,Typical AD
rs7009604,8,73519062,1.767e-05,0.3657,Asym AD,Typical AD
rs9879164,3,54065571,1.767e-05,0.363,Asym AD,Typical AD
rs2486884,10,6946729,1.773e-05,0.3678,Asym AD,Typical AD
rs11048657,12,26846603,1.773e-05,0.3636,Asym AD,Typical AD
rs9610308,22,35915388,1.775e-05,0.3686,Asym AD,Typical AD
rs7673568,4,38433730,1.779e-05,0.3641,Asym AD,Typical AD
rs11117398,16,88302760,1.781e-05,0.3694,Asym AD,Typical AD
rs1959675,14,38558793,1.783e-05,0.3568,Asym AD,Typical AD
rs1408771,6,101650474,1.785e-05,0.3657,Asym AD,Typical AD
rs4857399,3,98250215,1.785e-05,0.362,Asym AD,Typical AD
rs2775118,13,78651299,1.786e-05,0.3559,Asym AD,Typical AD
rs1995416,3,59529264,1.79e-05,0.3669,Asym AD,Typical AD
rs1893107,6,162917942,1.79e-05,0.3646,Asym AD,Typical AD
rs17296436,10,33561560,1.79e-05,0.3674,Asym AD,Typical AD
rs17773680,10,115424373,1.79e-05,0.3659,Asym AD,Typical AD
rs4455858,8,2416120,1.791e-05,0.3664,Asym AD,Typical AD
rs12149602,16,24342531,1.794e-05,0.3723,Asym AD,Typical AD
rs6755814,2,171666997,1.795e-05,0.3654,Asym AD,Typical AD
rs1351407,18,65193147,1.799e-05,0.37,Asym AD,Typical AD
rs4236943,8,66497560,1.799e-05,0.3533,Asym AD,Typical AD
rs9609463,22,32575456,1.801e-05,0.3594,Asym AD,Typical AD
rs40979,5,16721306,1.801e-05,0.3623,Asym AD,Typical AD
rs17406878,4,24999299,1.802e-05,0.3674,Asym AD,Typical AD
rs1473094,4,30476154,1.803e-05,0.3694,Asym AD,Typical AD
rs970797,2,177111819,1.804e-05,0.368,Asym AD,Typical AD
rs4879801,9,34509746,1.805e-05,0.3665,Asym AD,Typical AD
rs4478893,10,55635024,1.806e-05,0.367,Asym AD,Typical AD
rs17211259,8,64323922,1.807e-05,0.3618,Asym AD,Typical AD
rs7744062,6,153541661,1.811e-05,0.3611,Asym AD,Typical AD
rs666026,8,102557218,1.814e-05,0.3649,Asym AD,Typical AD
rs3879738,18,3505053,1.815e-05,0.3615,Asym AD,Typical AD
rs12412511,10,10559645,1.819e-05,0.3668,Asym AD,Typical AD
rs4705073,5,148832326,1.82e-05,0.3643,Asym AD,Typical AD
rs160702,6,2785055,1.82e-05,0.3664,Asym AD,Typical AD
rs8071450,17,13956667,1.823e-05,0.3632,Asym AD,Typical AD
rs12547092,8,73505068,1.829e-05,0.3697,Asym AD,Typical AD
rs7524056,1,29631050,1.829e-05,0.3702,Asym AD,Typical AD
rs2076054,22,32832874,1.829e-05,0.3671,Asym AD,Typical AD
rs366959,12,41999542,1.83e-05,0.3669,Asym AD,Typical AD
rs2366267,19,15492848,1.83e-05,0.3647,Asym AD,Typical AD
rs9418709,10,129238206,1.834e-05,0.3677,Asym AD,Typical AD
rs232816,1,59084139,1.835e-05,0.3684,Asym AD,Typical AD
rs2705215,8,17000463,1.835e-05,0.3669,Asym AD,Typical AD
rs1354867,3,100897035,1.835e-05,0.3659,Asym AD,Typical AD
rs1875247,16,85044207,1.835e-05,0.3605,Asym AD,Typical AD
rs1685495,3,2390612,1.836e-05,0.3663,Asym AD,Typical AD
rs10942142,5,18379534,1.838e-05,0.3643,Asym AD,Typical AD
rs1448572,2,6351943,1.838e-05,0.3678,Asym AD,Typical AD
rs12510869,4,77024534,1.838e-05,0.3646,Asym AD,Typical AD
rs10204418,2,6352799,1.838e-05,0.3678,Asym AD,Typical AD
rs916614,7,126539911,1.838e-05,0.3641,Asym AD,Typical AD
rs13110301,4,136422205,1.839e-05,0.3623,Asym AD,Typical AD
rs11238609,10,44133991,1.839e-05,0.3672,Asym AD,Typical AD
rs487544,19,34622073,1.84e-05,0.3642,Asym AD,Typical AD
rs12197404,6,107310131,1.842e-05,0.3723,Asym AD,Typical AD
rs11200527,10,124042438,1.845e-05,0.3654,Asym AD,Typical AD
rs2044714,11,105226271,1.847e-05,0.3716,Asym AD,Typical AD
rs724710,2,111907691,1.847e-05,0.3657,Asym AD,Typical AD
rs17107479,10,82426685,1.849e-05,0.3633,Asym AD,Typical AD
rs1109328,11,15182729,1.849e-05,0.364,Asym AD,Typical AD
rs2389096,13,95045494,1.85e-05,0.3711,Asym AD,Typical AD
rs4818773,21,46796831,1.85e-05,0.3646,Asym AD,Typical AD
rs321565,1,96656005,1.851e-05,0.3628,Asym AD,Typical AD
rs950942,13,71531809,1.852e-05,0.3645,Asym AD,Typical AD
rs9939851,16,87562316,1.852e-05,0.3631,Asym AD,Typical AD
rs11727470,4,30544014,1.852e-05,0.3697,Asym AD,Typical AD
rs6440703,3,150601083,1.853e-05,0.3674,Asym AD,Typical AD
rs4724620,7,47790912,1.859e-05,0.3625,Asym AD,Typical AD
rs9353681,6,64984651,1.861e-05,0.3659,Asym AD,Typical AD
rs10897276,11,62209534,1.862e-05,0.3633,Asym AD,Typical AD
rs12832515,12,128219762,1.862e-05,0.3658,Asym AD,Typical AD
rs16997525,20,51720422,1.862e-05,0.3678,Asym AD,Typical AD
rs1419810,7,34399494,1.865e-05,0.3556,Asym AD,Typical AD
rs161120,1,96496399,1.866e-05,0.3604,Asym AD,Typical AD
rs2411916,14,65727888,1.868e-05,0.3622,Asym AD,Typical AD
rs1004772,1,60210649,1.87e-05,0.3684,Asym AD,Typical AD
rs6944985,7,141835869,1.874e-05,0.3629,Asym AD,Typical AD
rs6085252,20,5695053,1.876e-05,0.3645,Asym AD,Typical AD
rs909704,22,35899384,1.877e-05,0.3653,Asym AD,Typical AD
rs970691,13,46403990,1.877e-05,0.3628,Asym AD,Typical AD
rs12440670,15,58054362,1.879e-05,0.367,Asym AD,Typical AD
rs7172696,15,101991311,1.884e-05,0.3644,Asym AD,Typical AD
rs1403994,2,177077922,1.885e-05,0.3699,Asym AD,Typical AD
rs6792956,3,2412847,1.888e-05,0.3692,Asym AD,Typical AD
rs4959539,6,1302607,1.889e-05,0.361,Asym AD,Typical AD
rs9609679,22,33388996,1.89e-05,0.3713,Asym AD,Typical AD
rs12193973,6,134151297,1.89e-05,0.3587,Asym AD,Typical AD
rs10515089,17,53166323,1.891e-05,0.3703,Asym AD,Typical AD
rs2004506,11,117700588,1.892e-05,0.3671,Asym AD,Typical AD
rs7527341,1,82009424,1.893e-05,0.3653,Asym AD,Typical AD
rs16829122,3,158312667,1.894e-05,0.3638,Asym AD,Typical AD
rs969273,1,115256669,1.894e-05,0.3688,Asym AD,Typical AD
rs12771728,10,89355313,1.896e-05,0.3663,Asym AD,Typical AD
rs4649374,1,232584061,1.897e-05,0.3727,Asym AD,Typical AD
rs7790470,7,141825321,1.904e-05,0.364,Asym AD,Typical AD
rs4844687,1,208701134,1.905e-05,0.3682,Asym AD,Typical AD
rs7670597,4,169639326,1.909e-05,0.3662,Asym AD,Typical AD
rs9494155,6,135468891,1.91e-05,0.3654,Asym AD,Typical AD
rs1001606,9,135300917,1.91e-05,0.3584,Asym AD,Typical AD
rs16988882,20,38879237,1.911e-05,0.3642,Asym AD,Typical AD
rs12655716,5,92003403,1.913e-05,0.3692,Asym AD,Typical AD
rs6887837,5,167669233,1.913e-05,0.3645,Asym AD,Typical AD
rs7559679,2,212471642,1.915e-05,0.3681,Asym AD,Typical AD
rs3808925,10,16860239,1.917e-05,0.3711,Asym AD,Typical AD
rs7753068,6,155219158,1.918e-05,0.374,Asym AD,Typical AD
rs17599139,1,230630949,1.918e-05,0.3688,Asym AD,Typical AD
rs1795811,12,55126449,1.919e-05,0.3691,Asym AD,Typical AD
rs2867020,4,12993951,1.921e-05,0.3638,Asym AD,Typical AD
rs717941,15,35196878,1.922e-05,0.3731,Asym AD,Typical AD
rs10901609,10,128113320,1.922e-05,0.3617,Asym AD,Typical AD
rs3785447,17,75192898,1.923e-05,0.3705,Asym AD,Typical AD
rs11977834,7,122968560,1.924e-05,0.3686,Asym AD,Typical AD
rs10756815,9,16789081,1.925e-05,0.3617,Asym AD,Typical AD
rs1389478,12,92066467,1.925e-05,0.3613,Asym AD,Typical AD
rs1774825,1,57249558,1.926e-05,0.3665,Asym AD,Typical AD
rs4765045,12,125991984,1.927e-05,0.3683,Asym AD,Typical AD
rs11719857,3,99920884,1.928e-05,0.3547,Asym AD,Typical AD
rs10947946,6,12327232,1.929e-05,0.367,Asym AD,Typical AD
rs6555940,5,170762656,1.932e-05,0.3681,Asym AD,Typical AD
rs7679231,4,136882276,1.933e-05,0.3627,Asym AD,Typical AD
rs12505556,4,25676982,1.934e-05,0.3699,Asym AD,Typical AD
rs4814244,20,1409567,1.934e-05,0.3597,Asym AD,Typical AD
rs10491884,9,28562149,1.934e-05,0.3601,Asym AD,Typical AD
rs13289484,9,87788660,1.935e-05,0.3716,Asym AD,Typical AD
rs2072280,19,1122147,1.936e-05,0.3683,Asym AD,Typical AD
rs12353038,9,113782852,1.937e-05,0.3642,Asym AD,Typical AD
rs13167620,5,18662625,1.939e-05,0.3676,Asym AD,Typical AD
rs2426474,20,51861958,1.939e-05,0.3679,Asym AD,Typical AD
rs7117567,11,7715079,1.939e-05,0.3711,Asym AD,Typical AD
rs6455990,6,158494775,1.94e-05,0.3672,Asym AD,Typical AD
rs2339220,18,24384540,1.94e-05,0.3693,Asym AD,Typical AD
rs3742207,13,110818598,1.942e-05,0.3637,Asym AD,Typical AD
rs10261104,7,21919145,1.942e-05,0.3678,Asym AD,Typical AD
rs12611086,19,34626932,1.943e-05,0.3715,Asym AD,Typical AD
rs10167624,2,37986275,1.946e-05,0.3642,Asym AD,Typical AD
rs7903557,10,77683306,1.946e-05,0.366,Asym AD,Typical AD
rs4128099,14,28253075,1.947e-05,0.3703,Asym AD,Typical AD
rs11170080,12,52692473,1.949e-05,0.3708,Asym AD,Typical AD
rs1363259,5,103265452,1.949e-05,0.3683,Asym AD,Typical AD
rs10112358,8,64296883,1.95e-05,0.3678,Asym AD,Typical AD
rs10965197,9,21948666,1.951e-05,0.3684,Asym AD,Typical AD
rs6450965,5,33223956,1.952e-05,0.3679,Asym AD,Typical AD
rs10257276,7,136370812,1.953e-05,0.3715,Asym AD,Typical AD
rs2411128,17,75573683,1.954e-05,0.3644,Asym AD,Typical AD
rs2236026,6,127768472,1.955e-05,0.3662,Asym AD,Typical AD
rs2669127,10,5967006,1.957e-05,0.3658,Asym AD,Typical AD
rs4617690,13,31296938,1.959e-05,0.3731,Asym AD,Typical AD
rs4276281,4,102746780,1.96e-05,0.3709,Asym AD,Typical AD
rs17824995,7,147516080,1.961e-05,0.367,Asym AD,Typical AD
rs12709169,16,7106360,1.962e-05,0.3652,Asym AD,Typical AD
rs7955885,12,55159539,1.963e-05,0.3694,Asym AD,Typical AD
rs9824170,3,29498007,1.965e-05,0.3674,Asym AD,Typical AD
rs1867754,11,25078894,1.966e-05,0.3703,Asym AD,Typical AD
rs6887463,5,10532639,1.966e-05,0.3687,Asym AD,Typical AD
rs2714240,2,14877094,1.966e-05,0.3693,Asym AD,Typical AD
rs325664,11,6164700,1.969e-05,0.3731,Asym AD,Typical AD
rs8017161,14,103563195,1.972e-05,0.3677,Asym AD,Typical AD
rs17655123,2,220037444,1.973e-05,0.3602,Asym AD,Typical AD
rs6426897,1,165102499,1.974e-05,0.3697,Asym AD,Typical AD
rs1411766,13,110252160,1.976e-05,0.3671,Asym AD,Typical AD
rs12633128,3,126035952,1.977e-05,0.3701,Asym AD,Typical AD
rs2910737,5,37898176,1.977e-05,0.3684,Asym AD,Typical AD
rs8177685,10,6008613,1.978e-05,0.3717,Asym AD,Typical AD
rs17639574,19,36675065,1.98e-05,0.3636,Asym AD,Typical AD
rs874840,2,218354130,1.982e-05,0.3697,Asym AD,Typical AD
rs952462,2,167210004,1.982e-05,0.3625,Asym AD,Typical AD
rs2228213,6,12124855,1.983e-05,0.3657,Asym AD,Typical AD
rs12686619,9,25547130,1.983e-05,0.3672,Asym AD,Typical AD
rs2325168,6,89698052,1.984e-05,0.3716,Asym AD,Typical AD
rs2309534,4,182631262,1.985e-05,0.3704,Asym AD,Typical AD
rs11769057,7,99964661,1.986e-05,0.3687,Asym AD,Typical AD
rs12652493,5,148311053,1.987e-05,0.3678,Asym AD,Typical AD
rs2356960,2,193041060,1.987e-05,0.3655,Asym AD,Typical AD
rs6035331,20,1994112,1.988e-05,0.3683,Asym AD,Typical AD
rs8087849,18,54977324,1.988e-05,0.3647,Asym AD,Typical AD
rs9939461,16,87584748,1.988e-05,0.3682,Asym AD,Typical AD
rs9388582,6,127816540,1.989e-05,0.362,Asym AD,Typical AD
rs1872694,16,48877631,1.99e-05,0.3676,Asym AD,Typical AD
rs11747159,5,44737710,1.99e-05,0.3682,Asym AD,Typical AD
rs1482588,3,65137329,1.991e-05,0.3659,Asym AD,Typical AD
rs589458,9,98640671,1.992e-05,0.3663,Asym AD,Typical AD
rs13109149,4,89831335,1.993e-05,0.3664,Asym AD,Typical AD
rs1555949,9,137377445,1.994e-05,0.3683,Asym AD,Typical AD
rs11242679,6,1337311,1.995e-05,0.3683,Asym AD,Typical AD
rs1393067,5,6402598,1.995e-05,0.3702,Asym AD,Typical AD
rs2388121,10,2104415,1.996e-05,0.3627,Asym AD,Typical AD
rs7208454,17,3875629,2e-05,0.3705,Asym AD,Typical AD
rs1862835,16,84268611,2e-05,0.3671,Asym AD,Typical AD
rs10491522,9,122264713,2e-05,0.3663,Asym AD,Typical AD
rs12124650,1,239120367,2.001e-05,0.3668,Asym AD,Typical AD
rs10983517,9,119858116,2.001e-05,0.3683,Asym AD,Typical AD
rs1039378,12,99991075,2.004e-05,0.364,Asym AD,Typical AD
rs8089281,18,73110461,2.007e-05,0.3728,Asym AD,Typical AD
rs10927872,1,13885203,2.008e-05,0.3663,Asym AD,Typical AD
rs6456505,6,22776453,2.009e-05,0.3664,Asym AD,Typical AD
rs11747502,5,33375972,2.01e-05,0.3728,Asym AD,Typical AD
rs10268483,7,147061654,2.013e-05,0.3628,Asym AD,Typical AD
rs7750826,6,1336867,2.013e-05,0.3716,Asym AD,Typical AD
rs9295119,6,160422785,2.014e-05,0.3684,Asym AD,Typical AD
rs9365409,6,162792379,2.014e-05,0.3677,Asym AD,Typical AD
rs4751686,10,120730977,2.015e-05,0.3685,Asym AD,Typical AD
rs10506727,12,77472927,2.017e-05,0.3714,Asym AD,Typical AD
rs11702531,21,41477207,2.018e-05,0.3681,Asym AD,Typical AD
rs2493655,10,43820626,2.019e-05,0.3686,Asym AD,Typical AD
rs468774,21,27625986,2.021e-05,0.3688,Asym AD,Typical AD
rs4128660,5,109915100,2.022e-05,0.3641,Asym AD,Typical AD
rs12575710,11,63849330,2.024e-05,0.3676,Asym AD,Typical AD
rs13308082,7,67462375,2.025e-05,0.3673,Asym AD,Typical AD
rs12415590,10,135042214,2.029e-05,0.3694,Asym AD,Typical AD
rs2110410,2,20445639,2.032e-05,0.3711,Asym AD,Typical AD
rs10507198,12,106101178,2.032e-05,0.3634,Asym AD,Typical AD
rs13277389,8,28100234,2.034e-05,0.3694,Asym AD,Typical AD
rs6076248,20,24639916,2.036e-05,0.3744,Asym AD,Typical AD
rs2909292,9,73615374,2.036e-05,0.3677,Asym AD,Typical AD
rs2098440,9,128807593,2.036e-05,0.3648,Asym AD,Typical AD
rs326633,12,32394104,2.036e-05,0.3677,Asym AD,Typical AD
rs6677593,1,170767276,2.037e-05,0.3715,Asym AD,Typical AD
rs6747840,2,8189345,2.04e-05,0.3633,Asym AD,Typical AD
rs12123449,1,237207450,2.04e-05,0.3688,Asym AD,Typical AD
rs4075026,12,69526932,2.043e-05,0.3524,Asym AD,Typical AD
rs4798682,18,8738265,2.043e-05,0.3683,Asym AD,Typical AD
rs11109838,12,99816110,2.043e-05,0.3717,Asym AD,Typical AD
rs16960381,17,63123532,2.044e-05,0.3658,Asym AD,Typical AD
rs1891301,9,74018496,2.044e-05,0.3655,Asym AD,Typical AD
rs6886358,5,150508602,2.046e-05,0.3677,Asym AD,Typical AD
rs7587865,2,12613216,2.046e-05,0.3703,Asym AD,Typical AD
rs9812437,3,153477976,2.047e-05,0.3638,Asym AD,Typical AD
rs1474240,8,20858217,2.047e-05,0.3721,Asym AD,Typical AD
rs9541895,13,69886408,2.05e-05,0.3696,Asym AD,Typical AD
rs1437799,2,216282993,2.052e-05,0.3659,Asym AD,Typical AD
rs7842889,8,135773607,2.054e-05,0.3729,Asym AD,Typical AD
rs6016647,20,40583920,2.055e-05,0.3682,Asym AD,Typical AD
rs6480911,10,80694189,2.056e-05,0.3658,Asym AD,Typical AD
rs2274873,9,107602678,2.056e-05,0.3659,Asym AD,Typical AD
rs13230800,7,126788361,2.057e-05,0.3613,Asym AD,Typical AD
rs3130276,6,33336930,2.06e-05,0.368,Asym AD,Typical AD
rs743430,21,38182432,2.06e-05,0.367,Asym AD,Typical AD
rs6807692,3,61635594,2.06e-05,0.3622,Asym AD,Typical AD
rs8066575,17,14690922,2.06e-05,0.3666,Asym AD,Typical AD
rs9979470,21,24675132,2.06e-05,0.3708,Asym AD,Typical AD
rs17408919,20,9644206,2.062e-05,0.3701,Asym AD,Typical AD
rs2354552,6,107137735,2.064e-05,0.3672,Asym AD,Typical AD
rs4783244,16,82662268,2.064e-05,0.3701,Asym AD,Typical AD
rs10825157,10,55657419,2.064e-05,0.3716,Asym AD,Typical AD
rs2183593,21,46792102,2.064e-05,0.3684,Asym AD,Typical AD
rs4769055,13,31309830,2.066e-05,0.3712,Asym AD,Typical AD
rs16971831,18,36919037,2.068e-05,0.3736,Asym AD,Typical AD
rs4771880,13,94393854,2.068e-05,0.3729,Asym AD,Typical AD
rs2364813,1,112082365,2.068e-05,0.3704,Asym AD,Typical AD
rs6940828,6,98760918,2.07e-05,0.3684,Asym AD,Typical AD
rs11160546,14,100233353,2.07e-05,0.3708,Asym AD,Typical AD
rs4875335,8,4179086,2.07e-05,0.3697,Asym AD,Typical AD
rs13220519,6,80443859,2.071e-05,0.3744,Asym AD,Typical AD
rs1986615,1,232804107,2.072e-05,0.3747,Asym AD,Typical AD
rs1965848,3,125866026,2.073e-05,0.3724,Asym AD,Typical AD
rs753202,12,10885863,2.074e-05,0.3732,Asym AD,Typical AD
rs7249667,19,14983897,2.076e-05,0.3787,Asym AD,Typical AD
rs16833700,3,161583238,2.077e-05,0.371,Asym AD,Typical AD
rs6977351,7,141909140,2.078e-05,0.3705,Asym AD,Typical AD
rs1332160,9,25552702,2.079e-05,0.3693,Asym AD,Typical AD
rs4583633,3,14661876,2.079e-05,0.3668,Asym AD,Typical AD
rs1004605,19,45015596,2.08e-05,0.3683,Asym AD,Typical AD
rs11692619,2,205084439,2.082e-05,0.3737,Asym AD,Typical AD
rs16950769,17,14879575,2.082e-05,0.3688,Asym AD,Typical AD
rs7761230,6,112126303,2.084e-05,0.3736,Asym AD,Typical AD
rs8103247,19,14916571,2.087e-05,0.3689,Asym AD,Typical AD
rs1560982,4,184826026,2.087e-05,0.37,Asym AD,Typical AD
rs966423,2,218310340,2.088e-05,0.3701,Asym AD,Typical AD
rs6557383,6,155221600,2.088e-05,0.3767,Asym AD,Typical AD
rs11755836,6,12302569,2.089e-05,0.3694,Asym AD,Typical AD
rs944482,9,91625979,2.089e-05,0.3711,Asym AD,Typical AD
rs17140423,7,19007884,2.09e-05,0.3668,Asym AD,Typical AD
rs17102282,5,144103408,2.091e-05,0.3764,Asym AD,Typical AD
rs4879795,9,34469025,2.092e-05,0.3718,Asym AD,Typical AD
rs990729,18,54979396,2.094e-05,0.3657,Asym AD,Typical AD
rs2283956,22,34275560,2.094e-05,0.3685,Asym AD,Typical AD
rs4803722,19,45014058,2.096e-05,0.3682,Asym AD,Typical AD
rs891429,8,132406960,2.097e-05,0.3654,Asym AD,Typical AD
rs6877552,5,147068247,2.097e-05,0.3719,Asym AD,Typical AD
rs1435423,4,67884593,2.098e-05,0.3683,Asym AD,Typical AD
rs12949826,17,14953676,2.098e-05,0.3739,Asym AD,Typical AD
rs3733545,4,25678396,2.1e-05,0.3717,Asym AD,Typical AD
rs7741604,6,20731524,2.103e-05,0.3674,Asym AD,Typical AD
rs10464844,8,106419754,2.103e-05,0.3699,Asym AD,Typical AD
rs591650,1,181384078,2.103e-05,0.3636,Asym AD,Typical AD
rs17607799,17,13902597,2.104e-05,0.3647,Asym AD,Typical AD
rs2043178,8,64349203,2.106e-05,0.3682,Asym AD,Typical AD
rs12243326,10,114788815,2.106e-05,0.3587,Asym AD,Typical AD
rs13085957,3,116673880,2.107e-05,0.3704,Asym AD,Typical AD
rs2531352,5,140119534,2.108e-05,0.37,Asym AD,Typical AD
rs7732275,5,135085098,2.108e-05,0.3697,Asym AD,Typical AD
rs4242087,5,3286564,2.108e-05,0.3691,Asym AD,Typical AD
rs6577800,8,138495720,2.109e-05,0.3668,Asym AD,Typical AD
rs746484,4,142275621,2.11e-05,0.3716,Asym AD,Typical AD
rs2830627,21,28390322,2.111e-05,0.3736,Asym AD,Typical AD
rs6509860,19,54792358,2.111e-05,0.365,Asym AD,Typical AD
rs1122676,12,77519046,2.111e-05,0.37,Asym AD,Typical AD
rs7106761,11,45756960,2.111e-05,0.3688,Asym AD,Typical AD
rs6772196,3,151147968,2.112e-05,0.3668,Asym AD,Typical AD
rs4946118,6,116097510,2.113e-05,0.3665,Asym AD,Typical AD
rs4028250,11,107841291,2.116e-05,0.3725,Asym AD,Typical AD
rs10736862,9,133283255,2.119e-05,0.3703,Asym AD,Typical AD
rs11912922,22,40403171,2.119e-05,0.3734,Asym AD,Typical AD
rs6082335,20,2166427,2.119e-05,0.3705,Asym AD,Typical AD
rs1074739,1,101362371,2.123e-05,0.3682,Asym AD,Typical AD
rs10075995,5,148293429,2.123e-05,0.3728,Asym AD,Typical AD
rs11196192,10,114782287,2.123e-05,0.3705,Asym AD,Typical AD
rs4552231,2,48167631,2.124e-05,0.3741,Asym AD,Typical AD
rs13007861,2,171022073,2.125e-05,0.3687,Asym AD,Typical AD
rs1946133,7,29527157,2.126e-05,0.3719,Asym AD,Typical AD
rs8838,9,129849880,2.126e-05,0.3712,Asym AD,Typical AD
rs10429924,1,244390564,2.126e-05,0.3737,Asym AD,Typical AD
rs726176,10,97106165,2.126e-05,0.3683,Asym AD,Typical AD
rs6935104,6,119497523,2.126e-05,0.3669,Asym AD,Typical AD
rs723184,22,27962517,2.127e-05,0.3706,Asym AD,Typical AD
rs1209198,6,46017626,2.128e-05,0.3742,Asym AD,Typical AD
rs8110630,19,34609682,2.128e-05,0.3735,Asym AD,Typical AD
rs279559,3,9932112,2.128e-05,0.3745,Asym AD,Typical AD
rs1010404,11,25105591,2.129e-05,0.3745,Asym AD,Typical AD
rs2893863,10,62606784,2.131e-05,0.3673,Asym AD,Typical AD
rs13084169,3,110996938,2.134e-05,0.3715,Asym AD,Typical AD
rs7297320,12,19600181,2.135e-05,0.3733,Asym AD,Typical AD
rs1330591,9,111029103,2.135e-05,0.3697,Asym AD,Typical AD
rs12929558,16,27702131,2.136e-05,0.3719,Asym AD,Typical AD
rs4900231,14,94935566,2.137e-05,0.3678,Asym AD,Typical AD
rs9940705,16,85138825,2.137e-05,0.37,Asym AD,Typical AD
rs5762257,22,27968208,2.139e-05,0.367,Asym AD,Typical AD
rs7619189,3,73363151,2.139e-05,0.3741,Asym AD,Typical AD
rs13038639,20,24893918,2.141e-05,0.3687,Asym AD,Typical AD
rs2748178,6,89730740,2.142e-05,0.37,Asym AD,Typical AD
rs3104402,6,32681676,2.142e-05,0.3707,Asym AD,Typical AD
rs2812373,9,34741752,2.143e-05,0.3738,Asym AD,Typical AD
rs12456284,18,48609968,2.143e-05,0.3725,Asym AD,Typical AD
rs10028805,4,102737250,2.144e-05,0.3729,Asym AD,Typical AD
rs17029711,2,60784033,2.145e-05,0.3676,Asym AD,Typical AD
rs13271596,8,28064546,2.146e-05,0.3723,Asym AD,Typical AD
rs9807596,18,24391444,2.147e-05,0.3724,Asym AD,Typical AD
rs4644328,9,111008699,2.147e-05,0.3731,Asym AD,Typical AD
rs7712010,5,31907887,2.147e-05,0.3751,Asym AD,Typical AD
rs9596491,13,51842513,2.147e-05,0.3721,Asym AD,Typical AD
rs1598632,4,154667382,2.149e-05,0.3704,Asym AD,Typical AD
rs10507720,13,65854935,2.15e-05,0.3603,Asym AD,Typical AD
rs10280733,7,76309742,2.15e-05,0.3682,Asym AD,Typical AD
rs10739255,9,111023899,2.153e-05,0.3715,Asym AD,Typical AD
rs7597603,2,229382616,2.153e-05,0.3718,Asym AD,Typical AD
rs2070617,3,53758049,2.153e-05,0.371,Asym AD,Typical AD
rs786507,19,35480114,2.154e-05,0.3723,Asym AD,Typical AD
rs888663,19,18484922,2.156e-05,0.3678,Asym AD,Typical AD
rs7707774,5,124288960,2.159e-05,0.3671,Asym AD,Typical AD
rs4662878,2,129769189,2.16e-05,0.3588,Asym AD,Typical AD
rs11188287,10,97107098,2.162e-05,0.3692,Asym AD,Typical AD
rs542305,9,134258779,2.162e-05,0.3708,Asym AD,Typical AD
rs877954,9,137326408,2.162e-05,0.375,Asym AD,Typical AD
rs12317689,12,67556780,2.163e-05,0.3682,Asym AD,Typical AD
rs483784,1,85942086,2.164e-05,0.368,Asym AD,Typical AD
rs8097308,18,3686278,2.164e-05,0.3742,Asym AD,Typical AD
rs230080,9,121951619,2.165e-05,0.3678,Asym AD,Typical AD
rs7030526,9,111022525,2.165e-05,0.3752,Asym AD,Typical AD
rs11187597,10,95458141,2.167e-05,0.3705,Asym AD,Typical AD
rs17054246,3,54693752,2.167e-05,0.3725,Asym AD,Typical AD
rs12886225,14,103414179,2.167e-05,0.3713,Asym AD,Typical AD
rs1039010,1,247081383,2.169e-05,0.372,Asym AD,Typical AD
rs4750416,10,13834678,2.169e-05,0.3704,Asym AD,Typical AD
rs1332408,9,125192159,2.17e-05,0.3711,Asym AD,Typical AD
rs10947826,6,12183050,2.17e-05,0.3699,Asym AD,Typical AD
rs10977651,9,9311838,2.171e-05,0.3716,Asym AD,Typical AD
rs2158495,7,19021592,2.172e-05,0.3701,Asym AD,Typical AD
rs9559996,13,87159109,2.173e-05,0.3733,Asym AD,Typical AD
rs7698307,4,149332071,2.174e-05,0.3653,Asym AD,Typical AD
rs1279186,4,161116677,2.175e-05,0.3706,Asym AD,Typical AD
rs11591062,1,22760900,2.175e-05,0.3657,Asym AD,Typical AD
rs9890496,17,4323336,2.176e-05,0.3715,Asym AD,Typical AD
rs11007825,10,30223537,2.177e-05,0.371,Asym AD,Typical AD
rs2502426,1,241254147,2.179e-05,0.374,Asym AD,Typical AD
rs7329435,13,97519611,2.18e-05,0.3719,Asym AD,Typical AD
rs7950345,11,105205769,2.18e-05,0.3749,Asym AD,Typical AD
rs10140933,14,97081323,2.18e-05,0.3734,Asym AD,Typical AD
rs1930903,1,229861486,2.181e-05,0.368,Asym AD,Typical AD
rs9579284,13,29670007,2.183e-05,0.3728,Asym AD,Typical AD
rs12524865,6,134196674,2.183e-05,0.3631,Asym AD,Typical AD
rs1494430,1,166445116,2.184e-05,0.3754,Asym AD,Typical AD
rs4480148,8,118901585,2.187e-05,0.3691,Asym AD,Typical AD
rs1423730,16,73331408,2.187e-05,0.3746,Asym AD,Typical AD
rs6664987,1,7531338,2.187e-05,0.3732,Asym AD,Typical AD
rs9375513,6,127775166,2.189e-05,0.3691,Asym AD,Typical AD
rs11959012,5,167668843,2.19e-05,0.3698,Asym AD,Typical AD
rs1897912,2,14867040,2.193e-05,0.3719,Asym AD,Typical AD
rs919703,18,49085728,2.194e-05,0.3733,Asym AD,Typical AD
rs3117888,9,111027827,2.196e-05,0.3707,Asym AD,Typical AD
rs1544506,11,16992940,2.196e-05,0.3683,Asym AD,Typical AD
rs11926561,3,156357328,2.196e-05,0.372,Asym AD,Typical AD
rs2310135,4,30086484,2.197e-05,0.3695,Asym AD,Typical AD
rs10103170,8,92909705,2.198e-05,0.3676,Asym AD,Typical AD
rs2587895,1,107936393,2.199e-05,0.3733,Asym AD,Typical AD
rs17144396,10,8773922,2.199e-05,0.3739,Asym AD,Typical AD
rs1912190,2,215218657,2.199e-05,0.3702,Asym AD,Typical AD
rs1805011,16,27373872,2.2e-05,0.3701,Asym AD,Typical AD
rs1552673,15,98503023,2.202e-05,0.3727,Asym AD,Typical AD
rs2813651,6,101584291,2.205e-05,0.3702,Asym AD,Typical AD
rs2351950,8,63249610,2.206e-05,0.3765,Asym AD,Typical AD
rs442745,6,33382241,2.206e-05,0.37,Asym AD,Typical AD
rs203590,14,27792150,2.207e-05,0.3728,Asym AD,Typical AD
rs1363475,5,129064393,2.208e-05,0.3733,Asym AD,Typical AD
rs1980997,13,74894021,2.21e-05,0.3708,Asym AD,Typical AD
rs1557020,1,81739593,2.21e-05,0.3727,Asym AD,Typical AD
rs4679493,3,59527322,2.21e-05,0.3722,Asym AD,Typical AD
rs9510385,13,19460616,2.211e-05,0.3748,Asym AD,Typical AD
rs3822843,6,160425247,2.211e-05,0.3711,Asym AD,Typical AD
rs870675,1,62096235,2.211e-05,0.3708,Asym AD,Typical AD
rs894460,11,4213853,2.212e-05,0.376,Asym AD,Typical AD
rs12487874,3,16506665,2.213e-05,0.3697,Asym AD,Typical AD
rs9557951,13,103557357,2.214e-05,0.3693,Asym AD,Typical AD
rs474161,3,29139548,2.214e-05,0.3695,Asym AD,Typical AD
rs273207,7,41468649,2.214e-05,0.3696,Asym AD,Typical AD
rs12544038,8,23107578,2.214e-05,0.3707,Asym AD,Typical AD
rs4610107,2,137980318,2.215e-05,0.3672,Asym AD,Typical AD
rs4656525,1,167121665,2.215e-05,0.3751,Asym AD,Typical AD
rs4354185,6,110301661,2.215e-05,0.3749,Asym AD,Typical AD
rs2488778,1,112911843,2.216e-05,0.3715,Asym AD,Typical AD
rs7943560,11,40142377,2.216e-05,0.3729,Asym AD,Typical AD
rs17489067,4,166306416,2.217e-05,0.3726,Asym AD,Typical AD
rs16936455,8,70724754,2.217e-05,0.3753,Asym AD,Typical AD
rs7946331,11,18400973,2.218e-05,0.3701,Asym AD,Typical AD
rs740908,17,5607859,2.218e-05,0.3717,Asym AD,Typical AD
rs10814110,9,34423806,2.219e-05,0.3709,Asym AD,Typical AD
rs4756865,11,16844924,2.219e-05,0.3747,Asym AD,Typical AD
rs10983516,9,119856725,2.22e-05,0.3695,Asym AD,Typical AD
rs7779378,7,22409383,2.22e-05,0.3687,Asym AD,Typical AD
rs11846963,14,100271376,2.22e-05,0.3715,Asym AD,Typical AD
rs11788070,9,34415648,2.221e-05,0.372,Asym AD,Typical AD
rs11014094,10,24742828,2.221e-05,0.3706,Asym AD,Typical AD
rs6953890,7,46994345,2.222e-05,0.3736,Asym AD,Typical AD
rs11628653,14,68818976,2.222e-05,0.3728,Asym AD,Typical AD
rs532107,11,116311508,2.223e-05,0.3654,Asym AD,Typical AD
rs11882959,19,39700305,2.225e-05,0.372,Asym AD,Typical AD
rs7635168,3,63728571,2.225e-05,0.3686,Asym AD,Typical AD
rs17051878,9,89030908,2.226e-05,0.3719,Asym AD,Typical AD
rs2053046,5,168198967,2.227e-05,0.3723,Asym AD,Typical AD
rs734184,3,59554896,2.228e-05,0.375,Asym AD,Typical AD
rs7959164,12,27800446,2.229e-05,0.374,Asym AD,Typical AD
rs11698307,20,55703445,2.229e-05,0.3702,Asym AD,Typical AD
rs4455314,3,118902844,2.23e-05,0.3722,Asym AD,Typical AD
rs573075,15,26425062,2.231e-05,0.3746,Asym AD,Typical AD
rs139272,22,39487665,2.231e-05,0.3684,Asym AD,Typical AD
rs6745801,2,205105619,2.233e-05,0.372,Asym AD,Typical AD
rs3858931,15,35152649,2.233e-05,0.3762,Asym AD,Typical AD
rs12641377,4,185861258,2.234e-05,0.3719,Asym AD,Typical AD
rs2222060,12,124194438,2.236e-05,0.3743,Asym AD,Typical AD
rs2182644,6,112138882,2.236e-05,0.3742,Asym AD,Typical AD
rs1983298,2,220155834,2.238e-05,0.3754,Asym AD,Typical AD
rs10507877,13,78567577,2.238e-05,0.3691,Asym AD,Typical AD
rs6854874,4,186512433,2.24e-05,0.373,Asym AD,Typical AD
rs1475922,6,102350747,2.241e-05,0.3716,Asym AD,Typical AD
rs2533005,14,87627303,2.241e-05,0.3693,Asym AD,Typical AD
rs260393,5,1856596,2.242e-05,0.3724,Asym AD,Typical AD
rs10938449,4,46625274,2.242e-05,0.3708,Asym AD,Typical AD
rs1536562,10,97160513,2.243e-05,0.3672,Asym AD,Typical AD
rs9456774,6,158223703,2.244e-05,0.3768,Asym AD,Typical AD
rs1424532,2,186178814,2.244e-05,0.3726,Asym AD,Typical AD
rs2837798,21,42106705,2.244e-05,0.3768,Asym AD,Typical AD
rs754661,15,26934277,2.247e-05,0.3688,Asym AD,Typical AD
rs738470,22,39581277,2.247e-05,0.3712,Asym AD,Typical AD
rs2137335,4,149265166,2.247e-05,0.3723,Asym AD,Typical AD
rs139059,22,35919446,2.248e-05,0.3672,Asym AD,Typical AD
rs11163949,1,84851201,2.248e-05,0.3732,Asym AD,Typical AD
rs7549561,1,203106390,2.248e-05,0.3745,Asym AD,Typical AD
rs2716651,2,12044820,2.248e-05,0.3707,Asym AD,Typical AD
rs6455678,6,160415341,2.249e-05,0.3678,Asym AD,Typical AD
rs2040718,13,31468980,2.25e-05,0.3734,Asym AD,Typical AD
rs10822694,10,67780727,2.251e-05,0.3684,Asym AD,Typical AD
rs6696854,1,161463814,2.251e-05,0.3704,Asym AD,Typical AD
rs6774354,3,49961780,2.251e-05,0.3714,Asym AD,Typical AD
rs17603178,7,68681198,2.253e-05,0.373,Asym AD,Typical AD
rs188096,13,103705044,2.253e-05,0.3768,Asym AD,Typical AD
rs1562264,11,25041972,2.254e-05,0.3752,Asym AD,Typical AD
rs1512406,8,139299165,2.254e-05,0.3728,Asym AD,Typical AD
rs3780256,9,17486802,2.254e-05,0.3731,Asym AD,Typical AD
rs10771281,12,26533371,2.254e-05,0.37,Asym AD,Typical AD
rs1319475,10,15645753,2.255e-05,0.3629,Asym AD,Typical AD
rs9577555,13,114114234,2.256e-05,0.368,Asym AD,Typical AD
rs765044,19,2560423,2.256e-05,0.3744,Asym AD,Typical AD
rs17708295,5,16969440,2.256e-05,0.3757,Asym AD,Typical AD
rs8093571,18,12603432,2.257e-05,0.3754,Asym AD,Typical AD
rs12488554,3,64692746,2.258e-05,0.3669,Asym AD,Typical AD
rs1061474,3,50144951,2.259e-05,0.3687,Asym AD,Typical AD
rs1138536,3,50153356,2.259e-05,0.3687,Asym AD,Typical AD
rs1446372,13,69775097,2.26e-05,0.3706,Asym AD,Typical AD
rs1052420,10,5920121,2.26e-05,0.3719,Asym AD,Typical AD
rs2936577,5,10531620,2.26e-05,0.3702,Asym AD,Typical AD
rs2018896,20,20792180,2.261e-05,0.3693,Asym AD,Typical AD
rs7924768,11,2108072,2.262e-05,0.3736,Asym AD,Typical AD
rs4834706,4,119733366,2.263e-05,0.368,Asym AD,Typical AD
rs7260668,20,43486026,2.264e-05,0.3757,Asym AD,Typical AD
rs674329,7,4187971,2.264e-05,0.3762,Asym AD,Typical AD
rs6991997,8,117360816,2.265e-05,0.3724,Asym AD,Typical AD
rs92090,3,12177641,2.266e-05,0.3727,Asym AD,Typical AD
rs7549444,1,4611435,2.267e-05,0.3735,Asym AD,Typical AD
rs9806189,15,36683276,2.268e-05,0.3712,Asym AD,Typical AD
rs11134531,5,168212168,2.27e-05,0.3713,Asym AD,Typical AD
rs888414,14,75104905,2.27e-05,0.3692,Asym AD,Typical AD
rs1744178,6,158496856,2.272e-05,0.3744,Asym AD,Typical AD
rs2748789,4,3710982,2.272e-05,0.3729,Asym AD,Typical AD
rs971694,19,17422833,2.272e-05,0.3727,Asym AD,Typical AD
rs373495,17,8785996,2.272e-05,0.3743,Asym AD,Typical AD
rs1999368,9,32246791,2.273e-05,0.3674,Asym AD,Typical AD
rs1474239,8,20860091,2.273e-05,0.3782,Asym AD,Typical AD
rs4727568,7,102844931,2.274e-05,0.3691,Asym AD,Typical AD
rs3815464,4,25671043,2.277e-05,0.3735,Asym AD,Typical AD
rs10267836,7,30755583,2.278e-05,0.3695,Asym AD,Typical AD
rs11815834,10,129238058,2.278e-05,0.3708,Asym AD,Typical AD
rs566416,11,118759610,2.279e-05,0.3718,Asym AD,Typical AD
rs3815332,7,151092775,2.28e-05,0.3738,Asym AD,Typical AD
rs2488704,10,77138624,2.28e-05,0.3773,Asym AD,Typical AD
rs14026,2,55404794,2.281e-05,0.3737,Asym AD,Typical AD
rs2577284,2,224929412,2.281e-05,0.3684,Asym AD,Typical AD
rs12572872,10,14954024,2.281e-05,0.365,Asym AD,Typical AD
rs963569,13,45242379,2.281e-05,0.3722,Asym AD,Typical AD
rs12494110,3,2357058,2.282e-05,0.3753,Asym AD,Typical AD
rs1171045,1,190383667,2.282e-05,0.3759,Asym AD,Typical AD
rs12462481,19,10356432,2.282e-05,0.3741,Asym AD,Typical AD
rs6766804,3,77008129,2.282e-05,0.3704,Asym AD,Typical AD
rs11978731,7,82767699,2.283e-05,0.3708,Asym AD,Typical AD
rs11150958,18,74248237,2.285e-05,0.3672,Asym AD,Typical AD
rs9968276,4,15949551,2.285e-05,0.3678,Asym AD,Typical AD
rs12693837,2,199099576,2.286e-05,0.3736,Asym AD,Typical AD
rs2841615,1,215222115,2.288e-05,0.3797,Asym AD,Typical AD
rs4417800,22,33963790,2.288e-05,0.3689,Asym AD,Typical AD
rs2152481,14,27766191,2.288e-05,0.3714,Asym AD,Typical AD
rs6566286,18,65144853,2.29e-05,0.3775,Asym AD,Typical AD
rs10924370,1,246034491,2.292e-05,0.3752,Asym AD,Typical AD
rs2451518,10,19081595,2.293e-05,0.3743,Asym AD,Typical AD
rs219555,2,21578241,2.294e-05,0.3684,Asym AD,Typical AD
rs11120194,1,213863315,2.295e-05,0.3757,Asym AD,Typical AD
rs6490477,13,31276586,2.296e-05,0.3749,Asym AD,Typical AD
rs2030628,2,215922612,2.297e-05,0.373,Asym AD,Typical AD
rs6531270,2,17009381,2.297e-05,0.3693,Asym AD,Typical AD
rs307176,5,6087464,2.298e-05,0.373,Asym AD,Typical AD
rs6849596,4,18325391,2.298e-05,0.37,Asym AD,Typical AD
rs268629,8,71560424,2.303e-05,0.3706,Asym AD,Typical AD
rs17090908,14,94929019,2.304e-05,0.3721,Asym AD,Typical AD
rs16915435,9,113579789,2.305e-05,0.3743,Asym AD,Typical AD
rs1978195,1,44499242,2.305e-05,0.3709,Asym AD,Typical AD
rs690484,9,98750606,2.305e-05,0.3728,Asym AD,Typical AD
rs4693923,4,88888113,2.306e-05,0.3674,Asym AD,Typical AD
rs12577327,11,24399097,2.306e-05,0.3742,Asym AD,Typical AD
rs7871547,9,28280654,2.307e-05,0.3722,Asym AD,Typical AD
rs4816693,21,42128794,2.307e-05,0.3706,Asym AD,Typical AD
rs1390066,4,67809075,2.307e-05,0.3698,Asym AD,Typical AD
rs17449022,1,101442367,2.309e-05,0.3707,Asym AD,Typical AD
rs12065219,1,85682261,2.309e-05,0.3755,Asym AD,Typical AD
rs820834,5,73999205,2.309e-05,0.3772,Asym AD,Typical AD
rs4146568,5,51123678,2.31e-05,0.3753,Asym AD,Typical AD
rs6085406,20,6089797,2.311e-05,0.37,Asym AD,Typical AD
rs12000625,9,126686445,2.312e-05,0.3737,Asym AD,Typical AD
rs937023,18,46383785,2.312e-05,0.3726,Asym AD,Typical AD
rs7970029,12,131222100,2.313e-05,0.374,Asym AD,Typical AD
rs1956159,14,40146809,2.314e-05,0.3734,Asym AD,Typical AD
rs9297028,6,9941445,2.314e-05,0.3758,Asym AD,Typical AD
rs2255192,15,51500835,2.315e-05,0.3703,Asym AD,Typical AD
rs17706715,5,141945931,2.316e-05,0.3737,Asym AD,Typical AD
rs2137330,4,149284425,2.317e-05,0.3675,Asym AD,Typical AD
rs456261,6,33258443,2.317e-05,0.3739,Asym AD,Typical AD
rs7637429,3,50692172,2.318e-05,0.3715,Asym AD,Typical AD
rs11919195,3,51062402,2.318e-05,0.3715,Asym AD,Typical AD
rs7682761,4,71265840,2.318e-05,0.3731,Asym AD,Typical AD
rs4803508,19,42264649,2.32e-05,0.3779,Asym AD,Typical AD
rs646406,10,5978411,2.32e-05,0.3703,Asym AD,Typical AD
rs902421,3,72668254,2.32e-05,0.3731,Asym AD,Typical AD
rs593026,10,5961098,2.32e-05,0.3703,Asym AD,Typical AD
rs10420670,19,52645575,2.321e-05,0.3765,Asym AD,Typical AD
rs17107459,14,38539949,2.321e-05,0.3667,Asym AD,Typical AD
rs753279,5,140023818,2.321e-05,0.3728,Asym AD,Typical AD
rs736334,22,51139178,2.321e-05,0.3742,Asym AD,Typical AD
rs7031908,9,6635045,2.323e-05,0.3691,Asym AD,Typical AD
rs846845,1,85233989,2.323e-05,0.3744,Asym AD,Typical AD
rs8028123,15,89706770,2.323e-05,0.3745,Asym AD,Typical AD
rs2243935,11,117824960,2.324e-05,0.3784,Asym AD,Typical AD
rs880824,16,24104328,2.325e-05,0.3729,Asym AD,Typical AD
rs11945770,4,95723924,2.325e-05,0.3704,Asym AD,Typical AD
rs1614490,10,59007742,2.326e-05,0.3743,Asym AD,Typical AD
rs7870456,9,8454921,2.327e-05,0.3743,Asym AD,Typical AD
rs887811,7,55023401,2.328e-05,0.3724,Asym AD,Typical AD
rs4127441,18,47352470,2.328e-05,0.3707,Asym AD,Typical AD
rs16949934,18,46277226,2.328e-05,0.3762,Asym AD,Typical AD
rs4544121,13,38122835,2.328e-05,0.3686,Asym AD,Typical AD
rs9319159,13,86019440,2.329e-05,0.3729,Asym AD,Typical AD
rs213605,13,31451880,2.33e-05,0.373,Asym AD,Typical AD
rs4504228,4,153732359,2.33e-05,0.3646,Asym AD,Typical AD
rs12434963,14,101709344,2.331e-05,0.371,Asym AD,Typical AD
rs10035433,5,4725405,2.332e-05,0.3706,Asym AD,Typical AD
rs160699,6,2776303,2.332e-05,0.373,Asym AD,Typical AD
rs16899974,5,34998877,2.332e-05,0.3763,Asym AD,Typical AD
rs10489777,1,56439909,2.333e-05,0.3778,Asym AD,Typical AD
rs4633027,8,38793682,2.333e-05,0.3661,Asym AD,Typical AD
rs17153805,5,125343268,2.334e-05,0.3752,Asym AD,Typical AD
rs10929510,2,8180189,2.336e-05,0.3719,Asym AD,Typical AD
rs1019641,4,35654641,2.336e-05,0.3714,Asym AD,Typical AD
rs4692709,4,170228549,2.336e-05,0.3668,Asym AD,Typical AD
rs4791950,17,10126518,2.336e-05,0.3744,Asym AD,Typical AD
rs1250238,2,216294663,2.336e-05,0.3672,Asym AD,Typical AD
rs1469621,2,137875955,2.336e-05,0.3741,Asym AD,Typical AD
rs2240998,4,25675203,2.337e-05,0.373,Asym AD,Typical AD
rs9524937,13,96001349,2.337e-05,0.3734,Asym AD,Typical AD
rs241179,8,28622089,2.337e-05,0.37,Asym AD,Typical AD
rs2363596,3,25340452,2.338e-05,0.3762,Asym AD,Typical AD
rs12141503,1,37631514,2.34e-05,0.3752,Asym AD,Typical AD
rs12104529,2,82859580,2.34e-05,0.3735,Asym AD,Typical AD
rs11652016,17,49570481,2.34e-05,0.3738,Asym AD,Typical AD
rs2049786,14,22091105,2.341e-05,0.3745,Asym AD,Typical AD
rs2695863,12,131202148,2.341e-05,0.3757,Asym AD,Typical AD
rs794152,12,30796191,2.341e-05,0.374,Asym AD,Typical AD
rs1867685,5,54059096,2.342e-05,0.3744,Asym AD,Typical AD
rs513287,1,170664237,2.342e-05,0.3713,Asym AD,Typical AD
rs2232041,1,111494194,2.343e-05,0.3751,Asym AD,Typical AD
rs6537958,9,137780823,2.343e-05,0.3729,Asym AD,Typical AD
rs1517375,3,6095736,2.343e-05,0.373,Asym AD,Typical AD
rs873353,18,19607342,2.344e-05,0.3759,Asym AD,Typical AD
rs10019828,4,181982520,2.344e-05,0.3744,Asym AD,Typical AD
rs12408586,1,117282727,2.345e-05,0.3691,Asym AD,Typical AD
rs7582320,2,45989023,2.345e-05,0.3692,Asym AD,Typical AD
rs548545,3,94057339,2.346e-05,0.3731,Asym AD,Typical AD
rs1673224,7,138298688,2.346e-05,0.3732,Asym AD,Typical AD
rs11868474,17,27659431,2.347e-05,0.3739,Asym AD,Typical AD
rs4820339,22,22521158,2.348e-05,0.3721,Asym AD,Typical AD
rs3901920,3,73394611,2.349e-05,0.3753,Asym AD,Typical AD
rs8092641,18,74253251,2.351e-05,0.3701,Asym AD,Typical AD
rs6843959,4,152764822,2.352e-05,0.3732,Asym AD,Typical AD
rs17299841,6,128021803,2.353e-05,0.3761,Asym AD,Typical AD
rs11563460,7,127040012,2.354e-05,0.3798,Asym AD,Typical AD
rs137518,22,33291742,2.356e-05,0.3763,Asym AD,Typical AD
rs7214380,17,32886639,2.357e-05,0.3688,Asym AD,Typical AD
rs12025144,1,117730074,2.357e-05,0.3733,Asym AD,Typical AD
rs1722426,2,16907892,2.357e-05,0.374,Asym AD,Typical AD
rs9296165,6,11795990,2.357e-05,0.3775,Asym AD,Typical AD
rs17724104,20,48446291,2.357e-05,0.3773,Asym AD,Typical AD
rs7796182,7,150200185,2.358e-05,0.3753,Asym AD,Typical AD
rs10817115,9,113701264,2.358e-05,0.3699,Asym AD,Typical AD
rs10494742,1,196346553,2.359e-05,0.3752,Asym AD,Typical AD
rs2961365,12,19578107,2.36e-05,0.3739,Asym AD,Typical AD
rs457990,5,6023131,2.36e-05,0.3764,Asym AD,Typical AD
rs1426782,1,81516862,2.361e-05,0.367,Asym AD,Typical AD
rs12866842,13,110336811,2.361e-05,0.3728,Asym AD,Typical AD
rs11745439,5,33230034,2.362e-05,0.374,Asym AD,Typical AD
rs4309672,3,24441549,2.362e-05,0.3767,Asym AD,Typical AD
rs10826700,10,30084049,2.364e-05,0.3735,Asym AD,Typical AD
rs265009,5,79137556,2.364e-05,0.3755,Asym AD,Typical AD
rs16863701,1,170847097,2.364e-05,0.3739,Asym AD,Typical AD
rs4072520,3,119635393,2.364e-05,0.3714,Asym AD,Typical AD
rs11196869,10,116442618,2.364e-05,0.3723,Asym AD,Typical AD
rs521721,1,108001448,2.365e-05,0.3743,Asym AD,Typical AD
rs10860188,12,97729282,2.365e-05,0.3682,Asym AD,Typical AD
rs10491092,17,10005193,2.365e-05,0.3745,Asym AD,Typical AD
rs13294794,9,21638902,2.368e-05,0.3657,Asym AD,Typical AD
rs2425756,20,44790262,2.369e-05,0.3743,Asym AD,Typical AD
rs9386579,6,107135667,2.369e-05,0.3645,Asym AD,Typical AD
rs4743664,9,106483432,2.371e-05,0.3733,Asym AD,Typical AD
rs10069219,5,27877131,2.372e-05,0.3719,Asym AD,Typical AD
rs2834439,21,35672918,2.372e-05,0.3741,Asym AD,Typical AD
rs2365004,3,125847121,2.374e-05,0.3755,Asym AD,Typical AD
rs10400282,11,123027583,2.374e-05,0.3705,Asym AD,Typical AD
rs7305762,12,19644526,2.374e-05,0.3737,Asym AD,Typical AD
rs511587,6,132329574,2.375e-05,0.3704,Asym AD,Typical AD
rs11864605,16,78935730,2.376e-05,0.3731,Asym AD,Typical AD
rs2153615,6,46375326,2.377e-05,0.376,Asym AD,Typical AD
rs9579518,13,30606408,2.377e-05,0.3703,Asym AD,Typical AD
rs7164440,15,93584615,2.377e-05,0.3791,Asym AD,Typical AD
rs4015690,12,103031039,2.379e-05,0.3715,Asym AD,Typical AD
rs7692708,4,26219793,2.379e-05,0.3746,Asym AD,Typical AD
rs7091526,10,78319770,2.379e-05,0.3745,Asym AD,Typical AD
rs7295250,12,2776943,2.379e-05,0.3721,Asym AD,Typical AD
rs759391,12,96459967,2.38e-05,0.3747,Asym AD,Typical AD
rs4676120,2,107950290,2.38e-05,0.3709,Asym AD,Typical AD
rs725040,13,92268846,2.38e-05,0.3692,Asym AD,Typical AD
rs4876736,8,118751200,2.382e-05,0.3737,Asym AD,Typical AD
rs243538,7,148404379,2.382e-05,0.3728,Asym AD,Typical AD
rs9300190,12,29656309,2.382e-05,0.3748,Asym AD,Typical AD
rs1461186,16,63997015,2.383e-05,0.3722,Asym AD,Typical AD
rs9515446,13,112217108,2.384e-05,0.3737,Asym AD,Typical AD
rs565134,17,67332355,2.385e-05,0.3718,Asym AD,Typical AD
rs4705204,5,147215120,2.385e-05,0.3739,Asym AD,Typical AD
rs17106995,5,147018084,2.386e-05,0.3741,Asym AD,Typical AD
rs17728678,8,11116661,2.386e-05,0.3754,Asym AD,Typical AD
rs17253996,5,67640424,2.388e-05,0.3725,Asym AD,Typical AD
rs8025252,15,93654673,2.39e-05,0.3773,Asym AD,Typical AD
rs473154,11,131879261,2.39e-05,0.3735,Asym AD,Typical AD
rs3822346,5,140187322,2.391e-05,0.3753,Asym AD,Typical AD
rs10038174,5,140210616,2.391e-05,0.3753,Asym AD,Typical AD
rs3756338,5,140180561,2.391e-05,0.3753,Asym AD,Typical AD
rs10839203,11,1713618,2.392e-05,0.3727,Asym AD,Typical AD
rs1578558,9,15855317,2.392e-05,0.3756,Asym AD,Typical AD
rs12613305,2,205346667,2.392e-05,0.3771,Asym AD,Typical AD
rs2319298,18,65759635,2.393e-05,0.3744,Asym AD,Typical AD
rs998249,8,82961957,2.393e-05,0.3725,Asym AD,Typical AD
rs170431,21,43764907,2.394e-05,0.3726,Asym AD,Typical AD
rs7759127,6,31240988,2.394e-05,0.3785,Asym AD,Typical AD
rs1604259,8,96582595,2.396e-05,0.3754,Asym AD,Typical AD
rs1546733,3,105409321,2.396e-05,0.3732,Asym AD,Typical AD
rs2834585,21,36064321,2.397e-05,0.3727,Asym AD,Typical AD
rs1879229,11,23982380,2.398e-05,0.3699,Asym AD,Typical AD
rs1351266,12,28277338,2.398e-05,0.3703,Asym AD,Typical AD
rs4761256,12,69583576,2.399e-05,0.3637,Asym AD,Typical AD
rs4869682,5,36656718,2.4e-05,0.374,Asym AD,Typical AD
rs2459093,10,123818827,2.402e-05,0.3727,Asym AD,Typical AD
rs5755312,22,35205685,2.402e-05,0.3695,Asym AD,Typical AD
rs11839232,13,109698986,2.402e-05,0.3743,Asym AD,Typical AD
rs9947401,18,29105117,2.404e-05,0.3732,Asym AD,Typical AD
rs4799585,18,29190174,2.404e-05,0.3685,Asym AD,Typical AD
rs4752614,10,123627512,2.404e-05,0.3732,Asym AD,Typical AD
rs9524163,13,94318186,2.405e-05,0.3773,Asym AD,Typical AD
rs11901445,2,191018607,2.405e-05,0.3789,Asym AD,Typical AD
rs7824025,8,139770716,2.405e-05,0.3742,Asym AD,Typical AD
rs1330950,13,107338801,2.405e-05,0.3696,Asym AD,Typical AD
rs826660,7,147099227,2.406e-05,0.3737,Asym AD,Typical AD
rs1337668,13,45367123,2.406e-05,0.374,Asym AD,Typical AD
rs628737,3,174332808,2.407e-05,0.3742,Asym AD,Typical AD
rs12953170,17,70334286,2.408e-05,0.3741,Asym AD,Typical AD
rs3782788,12,3357992,2.408e-05,0.3714,Asym AD,Typical AD
rs2104018,20,55274294,2.409e-05,0.3723,Asym AD,Typical AD
rs6065532,20,41395294,2.409e-05,0.3706,Asym AD,Typical AD
rs348583,5,40291889,2.409e-05,0.3701,Asym AD,Typical AD
rs34152738,16,86611391,2.41e-05,0.3687,Asym AD,Typical AD
rs2441109,5,66139238,2.411e-05,0.3776,Asym AD,Typical AD
rs1504073,3,1187510,2.411e-05,0.3744,Asym AD,Typical AD
rs12811910,12,649775,2.412e-05,0.3722,Asym AD,Typical AD
rs12876893,13,31402831,2.412e-05,0.3727,Asym AD,Typical AD
rs1007938,12,26802549,2.414e-05,0.3745,Asym AD,Typical AD
rs229795,14,83857522,2.414e-05,0.3725,Asym AD,Typical AD
rs1543887,16,6471647,2.414e-05,0.3699,Asym AD,Typical AD
rs12127602,1,145634490,2.415e-05,0.375,Asym AD,Typical AD
rs11014215,10,25014437,2.415e-05,0.3699,Asym AD,Typical AD
rs2114950,5,76726202,2.417e-05,0.3806,Asym AD,Typical AD
rs11136848,8,5137018,2.417e-05,0.3752,Asym AD,Typical AD
rs1397163,14,92104196,2.417e-05,0.3778,Asym AD,Typical AD
rs406309,5,11310423,2.418e-05,0.3782,Asym AD,Typical AD
rs994244,15,54609467,2.418e-05,0.3742,Asym AD,Typical AD
rs612829,18,76747318,2.418e-05,0.3702,Asym AD,Typical AD
rs1792745,18,53804993,2.418e-05,0.3755,Asym AD,Typical AD
rs773586,1,113841736,2.418e-05,0.3749,Asym AD,Typical AD
rs2806300,13,100459569,2.419e-05,0.3694,Asym AD,Typical AD
rs12650456,4,37335756,2.421e-05,0.3787,Asym AD,Typical AD
rs2837766,21,42028282,2.422e-05,0.3809,Asym AD,Typical AD
rs10934702,3,124653868,2.422e-05,0.3736,Asym AD,Typical AD
rs456800,21,41164690,2.422e-05,0.3735,Asym AD,Typical AD
rs13196561,6,100760170,2.423e-05,0.3735,Asym AD,Typical AD
rs1976080,14,48890184,2.423e-05,0.3686,Asym AD,Typical AD
rs2583839,9,133593939,2.424e-05,0.3757,Asym AD,Typical AD
rs266667,12,55146157,2.424e-05,0.377,Asym AD,Typical AD
rs1333111,9,9416962,2.425e-05,0.3775,Asym AD,Typical AD
rs16901251,5,84138061,2.426e-05,0.3661,Asym AD,Typical AD
rs4129044,16,6901513,2.426e-05,0.3755,Asym AD,Typical AD
rs1497825,15,36061729,2.426e-05,0.3672,Asym AD,Typical AD
rs10784599,12,40802840,2.428e-05,0.3761,Asym AD,Typical AD
rs3942245,2,2371324,2.429e-05,0.3745,Asym AD,Typical AD
rs953023,7,113141308,2.429e-05,0.3717,Asym AD,Typical AD
rs553351,11,86250366,2.43e-05,0.3777,Asym AD,Typical AD
rs4659190,1,117737486,2.431e-05,0.3734,Asym AD,Typical AD
rs1562065,6,82020610,2.431e-05,0.3762,Asym AD,Typical AD
rs12310491,12,129697654,2.432e-05,0.375,Asym AD,Typical AD
rs9876071,3,2409532,2.432e-05,0.3769,Asym AD,Typical AD
rs887959,2,10394558,2.432e-05,0.3787,Asym AD,Typical AD
rs4857072,3,97866177,2.433e-05,0.3714,Asym AD,Typical AD
rs13167635,5,129469043,1.882e-05,0.04585,Typical AD,Control
rs6598500,15,102381360,2.168e-05,32.01,Typical AD,Control
rs10783180,5,149216987,2.73e-05,18.01,Typical AD,Control
rs4435670,3,171880571,2.802e-05,16.97,Typical AD,Control
rs10508403,10,10408075,2.973e-05,15.94,Typical AD,Control
rs1238056,8,4275392,3.026e-05,16.72,Typical AD,Control
rs13167635,5,129469043,3.034e-05,41.53,Typical AD,Control
rs11099958,4,155451527,3.075e-05,21.0,Typical AD,Control
rs11989868,8,14550156,3.206e-05,22.73,Typical AD,Control
rs6989198,8,14547284,3.206e-05,22.73,Typical AD,Control
rs10272941,7,52748225,3.235e-05,20.93,Typical AD,Control
rs9659030,1,103342392,3.249e-05,27.27,Typical AD,Control
rs6940159,6,170332621,3.365e-05,18.89,Typical AD,Control
rs2022259,20,5464732,3.374e-05,18.87,Typical AD,Control
rs4612038,5,83242142,3.466e-05,14.42,Typical AD,Control
rs10251790,7,12097701,3.497e-05,15.87,Typical AD,Control
rs455357,3,287419,3.52e-05,25.36,Typical AD,Control
rs2036829,8,14573575,3.54e-05,18.96,Typical AD,Control
rs10819243,9,129633328,3.581e-05,20.05,Typical AD,Control
rs697749,6,36908382,3.625e-05,29.26,Typical AD,Control
rs144848,13,32906729,3.722e-05,15.01,Typical AD,Control
rs13263700,8,14587716,3.726e-05,15.05,Typical AD,Control
rs12952334,17,10431275,3.734e-05,16.44,Typical AD,Control
rs2055857,8,14599592,3.789e-05,19.32,Typical AD,Control
rs496179,1,97721488,3.801e-05,16.9,Typical AD,Control
rs875085,6,3572371,3.831e-05,16.48,Typical AD,Control
rs10055390,5,24859690,3.892e-05,29.53,Typical AD,Control
rs724066,8,72443097,3.922e-05,16.45,Typical AD,Control
rs9556929,13,98956599,3.926e-05,21.66,Typical AD,Control
rs4968932,17,66706920,3.938e-05,16.33,Typical AD,Control
rs10953392,7,77625851,3.969e-05,22.27,Typical AD,Control
rs2877251,22,25234481,4.078e-05,21.62,Typical AD,Control
rs3912107,1,241126234,4.096e-05,17.23,Typical AD,Control
rs2242487,7,129657882,4.122e-05,20.18,Typical AD,Control
rs10404583,19,56743681,4.132e-05,17.38,Typical AD,Control
rs11621995,14,99587447,4.156e-05,14.52,Typical AD,Control
rs2839502,21,43805965,4.178e-05,16.71,Typical AD,Control
rs3912106,1,241125990,4.226e-05,14.52,Typical AD,Control
rs6755028,2,128195442,4.241e-05,18.91,Typical AD,Control
rs17793809,14,22794295,4.255e-05,13.2,Typical AD,Control
rs754819,9,21626573,4.272e-05,15.05,Typical AD,Control
rs9524821,13,95843434,4.274e-05,14.43,Typical AD,Control
rs11987321,8,143116776,4.313e-05,15.04,Typical AD,Control
rs6557919,8,26290773,4.32e-05,17.05,Typical AD,Control
rs7187560,16,24322367,4.328e-05,15.04,Typical AD,Control
rs10764170,10,20147680,4.335e-05,14.87,Typical AD,Control
rs9362141,6,85894338,4.338e-05,17.02,Typical AD,Control
rs17152780,10,13100857,4.343e-05,16.86,Typical AD,Control
rs2133175,1,214482888,4.344e-05,15.6,Typical AD,Control
rs17069892,13,79021316,4.353e-05,17.68,Typical AD,Control
rs9616694,22,50019813,4.386e-05,28.03,Typical AD,Control
rs7844565,8,139686742,4.47e-05,21.37,Typical AD,Control
rs10496652,2,126736747,4.482e-05,16.08,Typical AD,Control
rs13071680,3,36018767,4.501e-05,20.83,Typical AD,Control
rs757951,7,89690275,4.506e-05,13.91,Typical AD,Control
rs17648754,15,27494696,4.508e-05,14.59,Typical AD,Control
rs592609,1,97711452,4.521e-05,16.88,Typical AD,Control
rs1319475,10,15645753,4.584e-05,18.57,Typical AD,Control
rs11584149,1,18060264,4.585e-05,11.5,Typical AD,Control
rs13106255,4,184762700,4.589e-05,22.61,Typical AD,Control
rs4072376,18,59970583,4.616e-05,14.1,Typical AD,Control
rs7854386,9,138120574,4.656e-05,22.18,Typical AD,Control
rs7785860,7,12103271,4.668e-05,14.46,Typical AD,Control
rs4256883,10,63907602,4.685e-05,12.98,Typical AD,Control
rs4529337,6,8871624,4.686e-05,15.92,Typical AD,Control
rs7026673,9,138182939,4.724e-05,21.36,Typical AD,Control
rs6682084,1,241135110,4.725e-05,13.33,Typical AD,Control
rs9351948,6,73573279,4.726e-05,13.03,Typical AD,Control
rs4475815,1,218146855,4.737e-05,15.14,Typical AD,Control
rs9585410,13,101009454,4.751e-05,16.21,Typical AD,Control
rs2108606,17,10362269,4.766e-05,15.3,Typical AD,Control
rs369410,7,151005056,4.787e-05,14.41,Typical AD,Control
rs13115333,4,27323221,4.793e-05,22.71,Typical AD,Control
rs17442542,4,122533936,4.841e-05,16.3,Typical AD,Control
rs17135029,7,52497012,4.841e-05,12.48,Typical AD,Control
rs533365,1,97703325,4.847e-05,16.1,Typical AD,Control
rs2567698,9,116837945,4.852e-05,40.99,Typical AD,Control
rs7320409,13,108085618,4.868e-05,13.24,Typical AD,Control
rs10958679,8,41223011,4.904e-05,15.6,Typical AD,Control
rs12895203,14,66339018,4.924e-05,14.46,Typical AD,Control
rs12668833,7,138525605,4.929e-05,13.24,Typical AD,Control
rs10038264,5,3266396,4.946e-05,24.19,Typical AD,Control
rs6053422,20,5449373,4.948e-05,14.7,Typical AD,Control
rs565610,18,59697596,4.95e-05,13.25,Typical AD,Control
rs7149428,14,48416201,4.955e-05,20.87,Typical AD,Control
rs10242213,7,88737192,4.962e-05,17.7,Typical AD,Control
rs6801173,3,71795743,5.002e-05,12.77,Typical AD,Control
rs831750,1,201159461,5.012e-05,16.69,Typical AD,Control
rs515146,1,47955790,5.029e-05,11.95,Typical AD,Control
rs526225,6,85842716,5.037e-05,14.44,Typical AD,Control
rs6453953,6,77663444,5.042e-05,14.07,Typical AD,Control
rs421604,1,189548411,5.052e-05,14.44,Typical AD,Control
rs12031059,1,218129861,5.08e-05,14.4,Typical AD,Control
rs10915587,1,4746636,5.087e-05,21.34,Typical AD,Control
rs7984157,13,95911900,5.088e-05,13.41,Typical AD,Control
rs1463444,3,182326726,5.09e-05,13.56,Typical AD,Control
rs2749957,20,17883295,5.091e-05,21.38,Typical AD,Control
rs1929677,10,121862405,5.112e-05,21.29,Typical AD,Control
rs6861822,5,10172430,5.113e-05,14.05,Typical AD,Control
rs10136383,14,22801079,5.114e-05,13.23,Typical AD,Control
rs1441561,13,70593012,5.117e-05,14.08,Typical AD,Control
rs4559317,9,91313899,5.138e-05,15.81,Typical AD,Control
rs6429729,1,15540734,5.142e-05,14.45,Typical AD,Control
rs2041127,17,10493837,5.15e-05,14.6,Typical AD,Control
rs11855605,15,51019117,5.161e-05,11.88,Typical AD,Control
rs7826194,8,94882313,5.165e-05,14.05,Typical AD,Control
rs16899974,5,34998877,5.167e-05,13.18,Typical AD,Control
rs11037217,11,43049826,5.168e-05,17.44,Typical AD,Control
rs7350915,17,21861665,5.174e-05,27.44,Typical AD,Control
rs1783819,11,57447561,5.175e-05,21.56,Typical AD,Control
rs902467,10,98923531,5.176e-05,15.04,Typical AD,Control
rs10511104,3,81191942,5.189e-05,12.38,Typical AD,Control
rs6053417,20,5447617,5.19e-05,16.12,Typical AD,Control
rs10167695,2,51058745,5.194e-05,15.03,Typical AD,Control
rs6564272,16,73529760,5.196e-05,15.3,Typical AD,Control
rs12595754,15,51072315,5.202e-05,11.92,Typical AD,Control
rs1525510,7,109734425,5.208e-05,20.38,Typical AD,Control
rs6123005,20,49888904,5.218e-05,20.39,Typical AD,Control
rs10938677,4,41222917,5.222e-05,14.44,Typical AD,Control
rs2720797,8,3574311,5.222e-05,42.92,Typical AD,Control
rs6573445,14,62982107,5.228e-05,10.86,Typical AD,Control
rs7551550,1,20437764,5.229e-05,13.64,Typical AD,Control
rs515583,6,85876291,5.239e-05,14.56,Typical AD,Control
rs2070384,21,34363525,5.253e-05,20.48,Typical AD,Control
rs8043733,16,49677512,5.262e-05,21.13,Typical AD,Control
rs10043664,5,54428310,5.264e-05,13.57,Typical AD,Control
rs890934,19,41227968,5.266e-05,20.91,Typical AD,Control
rs8066276,17,61589265,5.272e-05,17.42,Typical AD,Control
rs1563553,5,83024710,5.276e-05,12.36,Typical AD,Control
rs6886442,5,82973210,5.279e-05,11.89,Typical AD,Control
rs11972231,7,25402437,5.286e-05,16.7,Typical AD,Control
rs11764103,7,25393047,5.286e-05,16.7,Typical AD,Control
rs331892,3,337727,5.288e-05,27.81,Typical AD,Control
rs7654425,4,155456608,5.298e-05,16.84,Typical AD,Control
rs3803809,17,1966252,5.302e-05,13.62,Typical AD,Control
rs985492,18,29311034,5.307e-05,15.93,Typical AD,Control
rs1021580,5,54439466,5.307e-05,14.2,Typical AD,Control
rs940075,8,134018764,5.323e-05,12.55,Typical AD,Control
rs4775230,15,60303749,5.329e-05,15.89,Typical AD,Control
rs9443323,6,77624386,5.35e-05,13.96,Typical AD,Control
rs2525795,4,97908904,5.354e-05,12.28,Typical AD,Control
rs11628327,14,48477674,5.358e-05,17.38,Typical AD,Control
rs10279416,7,23845554,5.358e-05,14.75,Typical AD,Control
rs12998321,2,21131683,5.36e-05,13.81,Typical AD,Control
rs17148479,7,23926738,5.361e-05,13.23,Typical AD,Control
rs3865451,19,41205539,5.383e-05,20.12,Typical AD,Control
rs891958,5,168353413,5.388e-05,14.73,Typical AD,Control
rs4930766,12,5712164,5.398e-05,15.98,Typical AD,Control
rs11171580,12,55975171,5.41e-05,12.73,Typical AD,Control
rs1503840,3,100561198,5.419e-05,14.16,Typical AD,Control
rs7579192,2,64173312,5.424e-05,14.54,Typical AD,Control
rs7600286,2,208046557,5.434e-05,25.27,Typical AD,Control
rs10514480,16,80131517,5.436e-05,16.48,Typical AD,Control
rs9537711,13,57914363,5.439e-05,13.83,Typical AD,Control
rs1370619,2,211990188,5.445e-05,14.58,Typical AD,Control
rs9809640,3,77415062,5.448e-05,17.8,Typical AD,Control
rs4866134,5,18999510,5.45e-05,13.74,Typical AD,Control
rs1473094,4,30476154,5.45e-05,21.85,Typical AD,Control
rs17613128,5,16569071,5.48e-05,15.87,Typical AD,Control
rs6716767,2,42559256,5.482e-05,12.43,Typical AD,Control
rs6818354,4,157345022,5.483e-05,21.07,Typical AD,Control
rs11785440,8,4235701,5.487e-05,15.45,Typical AD,Control
rs10510793,3,57473750,5.496e-05,14.46,Typical AD,Control
rs7858253,9,138149166,5.497e-05,21.2,Typical AD,Control
rs11754368,6,26221173,5.503e-05,13.22,Typical AD,Control
rs12822199,12,75458164,5.51e-05,22.41,Typical AD,Control
rs2018863,19,56745782,5.514e-05,13.12,Typical AD,Control
rs10420747,19,56748834,5.514e-05,13.12,Typical AD,Control
rs9786932,1,241152090,5.519e-05,14.43,Typical AD,Control
rs685870,11,64111928,5.52e-05,14.74,Typical AD,Control
rs6534295,4,122487647,5.524e-05,14.43,Typical AD,Control
rs11929364,3,320201,5.531e-05,14.1,Typical AD,Control
rs7929496,11,117502961,5.542e-05,19.98,Typical AD,Control
rs10496668,2,129104968,5.542e-05,12.02,Typical AD,Control
rs4664901,2,158712538,5.546e-05,29.8,Typical AD,Control
rs7236574,18,10795051,5.548e-05,13.52,Typical AD,Control
rs17054002,6,142024340,5.563e-05,14.05,Typical AD,Control
rs3850475,4,112809145,5.573e-05,17.21,Typical AD,Control
rs2228006,7,6026775,5.577e-05,20.81,Typical AD,Control
rs39425,7,25105552,5.577e-05,14.33,Typical AD,Control
rs2242131,19,41060616,5.579e-05,20.29,Typical AD,Control
rs1047854,19,1481481,5.579e-05,16.17,Typical AD,Control
rs4435501,2,96981369,5.594e-05,14.5,Typical AD,Control
rs12022524,1,43326208,5.599e-05,15.05,Typical AD,Control
rs7934055,11,71262138,5.615e-05,14.11,Typical AD,Control
rs12490319,3,114511356,5.635e-05,13.48,Typical AD,Control
rs1078761,20,31876681,5.637e-05,15.43,Typical AD,Control
rs8058023,16,13352269,5.654e-05,15.82,Typical AD,Control
rs4594818,5,25992457,5.66e-05,16.65,Typical AD,Control
rs1354504,8,122272740,5.666e-05,19.63,Typical AD,Control
rs13316898,3,129651554,5.671e-05,14.49,Typical AD,Control
rs2209044,6,134132238,5.685e-05,11.83,Typical AD,Control
rs4735246,8,94895433,5.699e-05,13.91,Typical AD,Control
rs2726516,4,106346206,5.709e-05,13.41,Typical AD,Control
rs2798105,1,48961903,5.709e-05,14.1,Typical AD,Control
rs13385731,2,33701890,5.718e-05,20.44,Typical AD,Control
rs732132,2,56011881,5.724e-05,15.97,Typical AD,Control
rs7801499,7,144377107,5.724e-05,13.88,Typical AD,Control
rs740908,17,5607859,5.726e-05,13.42,Typical AD,Control
rs1169307,12,121438382,5.729e-05,16.94,Typical AD,Control
rs10499703,7,52722167,5.729e-05,12.91,Typical AD,Control
rs728544,6,22615484,5.731e-05,14.03,Typical AD,Control
rs7806362,7,28386703,5.731e-05,13.11,Typical AD,Control
rs6141382,20,31884069,5.736e-05,13.71,Typical AD,Control
rs2073844,11,113984975,5.741e-05,12.01,Typical AD,Control
rs9294331,6,85962470,5.741e-05,14.73,Typical AD,Control
rs11644102,16,24323230,5.743e-05,11.72,Typical AD,Control
rs10233387,7,27243106,5.752e-05,17.14,Typical AD,Control
rs794428,16,11268431,5.775e-05,17.35,Typical AD,Control
rs6037864,20,4514960,5.778e-05,13.0,Typical AD,Control
rs4488182,11,41075561,5.78e-05,17.14,Typical AD,Control
rs888853,5,149232525,5.787e-05,12.57,Typical AD,Control
rs2959777,8,6433935,5.79e-05,16.52,Typical AD,Control
rs6029180,20,39178923,5.792e-05,12.2,Typical AD,Control
rs2355170,14,63063997,5.796e-05,11.36,Typical AD,Control
rs9303909,18,2634848,5.798e-05,14.01,Typical AD,Control
rs4512473,9,21663040,5.798e-05,13.21,Typical AD,Control
rs936127,2,129124530,5.81e-05,14.8,Typical AD,Control
rs9591786,13,57575476,5.812e-05,16.29,Typical AD,Control
rs921634,7,47872845,5.818e-05,13.7,Typical AD,Control
rs6109487,20,12572733,5.823e-05,22.18,Typical AD,Control
rs11103792,9,138173409,5.823e-05,20.65,Typical AD,Control
rs11699560,20,17889881,5.823e-05,13.27,Typical AD,Control
rs1461803,3,28699121,5.828e-05,20.19,Typical AD,Control
rs17302066,15,59205253,5.832e-05,12.06,Typical AD,Control
rs4965316,15,101092226,5.836e-05,19.97,Typical AD,Control
rs4680132,3,154157941,5.841e-05,13.96,Typical AD,Control
rs9568366,13,50566466,5.848e-05,21.16,Typical AD,Control
rs10497792,2,197490846,5.852e-05,12.38,Typical AD,Control
rs10497791,2,197491974,5.852e-05,12.38,Typical AD,Control
rs155916,1,189566655,5.861e-05,11.4,Typical AD,Control
rs11773804,7,27206688,5.864e-05,16.33,Typical AD,Control
rs7778134,7,7924797,5.866e-05,13.14,Typical AD,Control
rs8017842,14,100055722,5.88e-05,12.18,Typical AD,Control
rs2377446,2,106679941,5.881e-05,13.36,Typical AD,Control
rs42369,16,11264612,5.887e-05,17.33,Typical AD,Control
rs305071,16,85949271,5.896e-05,11.93,Typical AD,Control
rs10499198,6,138266431,5.898e-05,13.19,Typical AD,Control
rs1661178,19,45046352,5.912e-05,11.42,Typical AD,Control
rs425366,3,325410,5.916e-05,21.9,Typical AD,Control
rs2965749,16,69771914,5.924e-05,13.83,Typical AD,Control
rs4348787,1,234110781,5.927e-05,20.52,Typical AD,Control
rs735396,12,121438844,5.933e-05,18.96,Typical AD,Control
rs2503838,6,5454013,5.936e-05,19.16,Typical AD,Control
rs1173099,9,93441674,5.937e-05,21.3,Typical AD,Control
rs960621,13,75225241,5.939e-05,14.16,Typical AD,Control
rs10033900,4,110659067,5.944e-05,19.14,Typical AD,Control
rs319134,5,103322064,5.954e-05,12.57,Typical AD,Control
rs1684895,10,61726870,5.956e-05,14.64,Typical AD,Control
rs7846655,8,87844003,5.962e-05,13.88,Typical AD,Control
rs2244625,11,64026144,5.971e-05,13.66,Typical AD,Control
rs2962540,5,145450586,5.974e-05,12.8,Typical AD,Control
rs17238608,16,86036524,5.974e-05,15.74,Typical AD,Control
rs2044107,18,2635263,5.978e-05,13.8,Typical AD,Control
rs2129283,11,11053680,5.982e-05,20.67,Typical AD,Control
rs1294521,14,90918902,5.991e-05,14.6,Typical AD,Control
rs2863819,1,189595647,6e-05,11.29,Typical AD,Control
rs7733848,5,39746640,6.003e-05,14.72,Typical AD,Control
rs6897624,5,10150933,6.017e-05,14.09,Typical AD,Control
rs2153157,6,10897488,6.024e-05,14.46,Typical AD,Control
rs1980840,13,75205362,6.029e-05,14.11,Typical AD,Control
rs1322100,6,77740109,6.031e-05,13.56,Typical AD,Control
rs17194476,3,2537916,6.034e-05,13.0,Typical AD,Control
rs6708269,2,192666465,6.034e-05,18.82,Typical AD,Control
rs11646550,16,85938835,6.044e-05,12.04,Typical AD,Control
rs8004456,14,92997183,6.047e-05,24.76,Typical AD,Control
rs3115376,2,231845762,6.056e-05,14.05,Typical AD,Control
rs1080669,19,51566268,6.056e-05,12.03,Typical AD,Control
rs17405463,1,15543354,6.058e-05,13.58,Typical AD,Control
rs2959219,18,35998626,6.063e-05,20.47,Typical AD,Control
rs9459964,6,170341197,6.069e-05,13.48,Typical AD,Control
rs6949451,7,27215041,6.07e-05,13.97,Typical AD,Control
rs17202895,6,1443801,6.084e-05,12.57,Typical AD,Control
rs388927,14,69324890,6.084e-05,13.13,Typical AD,Control
rs10496744,2,137159383,6.091e-05,12.25,Typical AD,Control
rs17395021,8,3427306,6.093e-05,12.37,Typical AD,Control
rs880011,15,31465363,6.105e-05,16.21,Typical AD,Control
rs8054909,16,17381582,6.11e-05,14.51,Typical AD,Control
rs10999728,10,72960558,6.113e-05,16.0,Typical AD,Control
rs1894151,18,53763451,6.116e-05,16.25,Typical AD,Control
rs17160114,7,31435744,6.118e-05,13.81,Typical AD,Control
rs2041733,16,11229589,6.12e-05,16.16,Typical AD,Control
rs1869381,2,12344474,6.122e-05,12.46,Typical AD,Control
rs9302876,17,76479389,6.127e-05,14.08,Typical AD,Control
rs4053608,6,90787599,6.133e-05,12.11,Typical AD,Control
rs11733040,4,137480493,6.133e-05,12.64,Typical AD,Control
rs11848655,14,48475235,6.14e-05,15.38,Typical AD,Control
rs4944448,11,70920722,6.141e-05,12.83,Typical AD,Control
rs2614589,4,179402364,6.144e-05,12.52,Typical AD,Control
rs207300,4,19096163,6.146e-05,15.09,Typical AD,Control
rs5993749,22,19616341,6.146e-05,11.28,Typical AD,Control
rs1447314,8,94245892,6.15e-05,14.06,Typical AD,Control
rs2942800,8,2715180,6.151e-05,12.35,Typical AD,Control
rs9458781,6,163721184,6.151e-05,11.59,Typical AD,Control
rs2492495,1,112926756,6.167e-05,15.12,Typical AD,Control
rs4691555,4,155891502,6.17e-05,12.75,Typical AD,Control
rs1518492,4,73433875,6.171e-05,13.09,Typical AD,Control
rs519165,2,240141383,6.174e-05,12.62,Typical AD,Control
rs11640338,16,85689653,6.176e-05,18.11,Typical AD,Control
rs10185490,2,71166840,6.182e-05,13.51,Typical AD,Control
rs10488992,4,18281475,6.182e-05,13.88,Typical AD,Control
rs4140904,4,18315992,6.195e-05,12.95,Typical AD,Control
rs2101938,17,8620629,6.208e-05,12.6,Typical AD,Control
rs3130604,6,32985052,6.214e-05,12.28,Typical AD,Control
rs763469,6,33004387,6.214e-05,12.28,Typical AD,Control
rs3097659,6,33016033,6.214e-05,12.28,Typical AD,Control
rs2717952,7,37386098,6.219e-05,12.31,Typical AD,Control
rs10130093,14,89799122,6.221e-05,15.68,Typical AD,Control
rs4947712,7,52468999,6.225e-05,16.69,Typical AD,Control
rs1458762,1,229157752,6.225e-05,14.7,Typical AD,Control
rs12207132,6,68882437,6.228e-05,13.3,Typical AD,Control
rs7140410,14,52162092,6.232e-05,13.98,Typical AD,Control
rs7336432,13,63296881,6.246e-05,12.43,Typical AD,Control
rs1033846,1,18073505,6.251e-05,11.6,Typical AD,Control
rs1347979,10,13097737,6.258e-05,15.86,Typical AD,Control
rs1165222,1,55638075,6.264e-05,13.46,Typical AD,Control
rs17255171,14,59520042,6.277e-05,12.95,Typical AD,Control
rs17324947,7,3852261,6.283e-05,11.8,Typical AD,Control
rs6607353,17,35252013,6.283e-05,12.92,Typical AD,Control
rs2517120,8,17331692,6.286e-05,14.82,Typical AD,Control
rs11636069,15,87534930,6.286e-05,13.62,Typical AD,Control
rs2014889,2,10467171,6.287e-05,19.37,Typical AD,Control
rs3859084,16,82930746,6.299e-05,15.69,Typical AD,Control
rs12346753,9,113278199,6.302e-05,11.79,Typical AD,Control
rs17057618,9,74925179,6.31e-05,13.05,Typical AD,Control
rs324324,18,38358755,6.313e-05,12.66,Typical AD,Control
rs11136268,8,144294773,6.313e-05,11.97,Typical AD,Control
rs1267034,2,162072738,6.315e-05,13.9,Typical AD,Control
rs4844687,1,208701134,6.32e-05,12.99,Typical AD,Control
rs2203349,15,102376761,6.322e-05,18.99,Typical AD,Control
rs163603,1,77075248,6.343e-05,16.68,Typical AD,Control
rs11029096,11,26038571,6.345e-05,13.27,Typical AD,Control
rs17755381,4,7282506,6.347e-05,22.18,Typical AD,Control
rs2853009,11,118148146,6.353e-05,15.24,Typical AD,Control
rs11745421,5,168191066,6.354e-05,12.11,Typical AD,Control
rs17413414,20,56176534,6.354e-05,12.07,Typical AD,Control
rs10992966,9,96658325,6.358e-05,12.31,Typical AD,Control
rs7588415,2,21123661,6.364e-05,13.19,Typical AD,Control
rs6022842,20,52523546,6.365e-05,14.74,Typical AD,Control
rs12698617,7,67165048,6.367e-05,15.39,Typical AD,Control
rs6456389,6,20990153,6.367e-05,14.53,Typical AD,Control
rs7962636,12,116450006,6.368e-05,12.43,Typical AD,Control
rs2460002,1,2119833,6.374e-05,15.05,Typical AD,Control
rs756850,13,30911531,6.375e-05,14.78,Typical AD,Control
rs933880,12,107848652,6.388e-05,20.03,Typical AD,Control
rs292182,5,36954812,6.391e-05,15.13,Typical AD,Control
rs12186457,5,14036509,6.406e-05,15.0,Typical AD,Control
rs10489760,1,189580639,6.415e-05,11.13,Typical AD,Control
rs739310,22,27051299,6.418e-05,12.92,Typical AD,Control
rs2022976,8,107401813,6.418e-05,11.05,Typical AD,Control
rs134967,22,27557929,6.42e-05,13.41,Typical AD,Control
rs10208402,2,115203917,6.422e-05,12.49,Typical AD,Control
rs13139048,4,124372645,6.424e-05,11.48,Typical AD,Control
rs2383022,9,17485598,6.425e-05,12.04,Typical AD,Control
rs2862876,7,64101034,6.425e-05,10.98,Typical AD,Control
rs11619239,13,53479775,6.429e-05,11.76,Typical AD,Control
rs2486884,10,6946729,6.43e-05,18.51,Typical AD,Control
rs10517561,4,152833119,6.436e-05,11.83,Typical AD,Control
rs9961862,18,53749710,6.44e-05,11.79,Typical AD,Control
rs6969282,7,137846601,6.445e-05,13.36,Typical AD,Control
rs9303682,17,33492402,6.449e-05,14.88,Typical AD,Control
rs10857265,4,152914614,6.452e-05,13.15,Typical AD,Control
rs17158988,15,84065639,6.453e-05,11.85,Typical AD,Control
rs12276840,11,132348398,6.453e-05,13.05,Typical AD,Control
rs9322557,6,156363648,6.458e-05,11.18,Typical AD,Control
rs11203452,1,18074702,6.465e-05,11.06,Typical AD,Control
rs206834,2,31709417,6.465e-05,19.95,Typical AD,Control
rs4747860,10,10540164,6.471e-05,12.92,Typical AD,Control
rs2190815,5,129453234,6.475e-05,21.8,Typical AD,Control
rs4148157,4,89020934,6.476e-05,13.19,Typical AD,Control
rs2054576,4,89028775,6.476e-05,13.19,Typical AD,Control
rs4693924,4,89023224,6.476e-05,13.19,Typical AD,Control
rs2254300,8,14589550,6.488e-05,15.75,Typical AD,Control
rs17259924,7,3869969,6.491e-05,11.72,Typical AD,Control
rs10021442,4,47589896,6.499e-05,12.09,Typical AD,Control
rs13299328,9,111703561,6.5e-05,15.9,Typical AD,Control
rs2039910,10,15712828,6.507e-05,18.08,Typical AD,Control
rs2190863,14,71712343,6.507e-05,13.89,Typical AD,Control
rs12918898,16,73466879,6.513e-05,12.55,Typical AD,Control
rs11074952,16,11218606,6.514e-05,14.23,Typical AD,Control
rs6734547,2,49052293,6.516e-05,11.67,Typical AD,Control
rs1455441,6,68896299,6.52e-05,13.0,Typical AD,Control
rs12580779,12,3140979,6.521e-05,11.69,Typical AD,Control
rs12657926,5,144890837,6.526e-05,14.1,Typical AD,Control
rs6990987,8,121928254,6.528e-05,12.29,Typical AD,Control
rs7552919,1,18125179,6.532e-05,12.03,Typical AD,Control
rs7936950,11,35278959,6.538e-05,11.56,Typical AD,Control
rs4751631,10,119366745,6.54e-05,20.54,Typical AD,Control
rs10491726,9,114342146,6.546e-05,19.22,Typical AD,Control
rs137507,22,33282971,6.547e-05,13.35,Typical AD,Control
rs9969594,8,105106882,6.549e-05,14.55,Typical AD,Control
rs6685141,1,76810983,6.551e-05,12.17,Typical AD,Control
rs6835454,4,24415312,6.555e-05,37.18,Typical AD,Control
rs9683947,4,137479869,6.562e-05,12.5,Typical AD,Control
rs7085532,10,114859463,6.584e-05,12.93,Typical AD,Control
rs11679426,2,5892202,6.585e-05,13.42,Typical AD,Control
rs11938222,4,110555678,6.585e-05,14.71,Typical AD,Control
rs2439614,13,70641136,6.588e-05,12.58,Typical AD,Control
rs7650201,3,114524645,6.589e-05,12.59,Typical AD,Control
rs11636500,15,82451027,6.596e-05,16.03,Typical AD,Control
rs6891871,5,95357625,6.599e-05,16.51,Typical AD,Control
rs6866306,5,99986537,6.6e-05,15.28,Typical AD,Control
rs1370920,2,223005125,6.602e-05,12.85,Typical AD,Control
rs2235584,20,44172436,6.604e-05,12.47,Typical AD,Control
rs11637457,15,87572506,6.614e-05,13.58,Typical AD,Control
rs735719,2,80495229,6.617e-05,12.43,Typical AD,Control
rs11620007,13,53492990,6.619e-05,12.33,Typical AD,Control
rs12577738,11,42955957,6.621e-05,11.11,Typical AD,Control
rs6563943,16,83639335,6.628e-05,13.26,Typical AD,Control
rs7148568,14,81933447,6.63e-05,18.53,Typical AD,Control
rs9821503,3,26117140,6.632e-05,13.63,Typical AD,Control
rs1426763,3,26069100,6.632e-05,13.63,Typical AD,Control
rs991623,3,26087857,6.632e-05,13.63,Typical AD,Control
rs2663158,16,73993052,6.633e-05,17.42,Typical AD,Control
rs8081823,17,8965551,6.633e-05,11.35,Typical AD,Control
rs7039441,9,140605334,6.634e-05,13.6,Typical AD,Control
rs8021964,14,52105814,6.638e-05,14.53,Typical AD,Control
rs4884871,13,70592704,6.639e-05,13.46,Typical AD,Control
rs2439312,8,32412359,6.642e-05,13.23,Typical AD,Control
rs13373881,1,47673296,6.647e-05,10.81,Typical AD,Control
rs8081117,17,80303555,6.651e-05,12.12,Typical AD,Control
rs3020164,8,117926775,6.654e-05,15.03,Typical AD,Control
rs10184380,2,79914884,6.657e-05,11.26,Typical AD,Control
rs11120820,1,7087739,6.664e-05,13.82,Typical AD,Control
rs368269,21,41099937,6.666e-05,13.16,Typical AD,Control
rs2548130,5,95041668,6.667e-05,14.1,Typical AD,Control
rs2388068,13,29997689,6.667e-05,13.43,Typical AD,Control
rs1560848,3,30245137,6.67e-05,14.9,Typical AD,Control
rs1545077,4,40754154,6.672e-05,12.63,Typical AD,Control
rs12365183,11,98999681,6.679e-05,16.35,Typical AD,Control
rs17767336,6,90800438,6.681e-05,14.38,Typical AD,Control
rs10961558,9,14538577,6.686e-05,12.57,Typical AD,Control
rs1227929,2,162720101,6.687e-05,13.58,Typical AD,Control
rs1325287,1,76822376,6.687e-05,12.25,Typical AD,Control
rs565169,8,8637957,6.688e-05,12.17,Typical AD,Control
rs9860475,3,16749024,6.688e-05,17.61,Typical AD,Control
rs2363570,1,200037007,6.69e-05,11.81,Typical AD,Control
rs7181703,15,98924124,6.693e-05,13.84,Typical AD,Control
rs7659062,4,189587079,6.696e-05,11.73,Typical AD,Control
rs2270801,3,132277866,6.707e-05,11.77,Typical AD,Control
rs201611,17,10563050,6.707e-05,18.99,Typical AD,Control
rs16868514,7,93407706,6.712e-05,12.29,Typical AD,Control
rs10956888,8,94898694,6.715e-05,13.84,Typical AD,Control
rs11011683,10,20217660,6.721e-05,13.94,Typical AD,Control
rs297765,20,4487111,6.721e-05,12.51,Typical AD,Control
rs4743634,9,105977018,6.723e-05,12.48,Typical AD,Control
rs7665238,4,124329732,6.723e-05,12.62,Typical AD,Control
rs220938,6,15840845,6.724e-05,14.85,Typical AD,Control
rs445857,1,189552579,6.731e-05,12.23,Typical AD,Control
rs12700884,7,28394531,6.731e-05,13.8,Typical AD,Control
rs1200875,10,37505192,6.733e-05,11.22,Typical AD,Control
rs1944395,18,36017573,6.736e-05,16.94,Typical AD,Control
rs4080824,10,31015533,6.739e-05,15.19,Typical AD,Control
rs1277293,4,57931341,6.745e-05,17.63,Typical AD,Control
rs1011961,4,95810540,6.746e-05,13.09,Typical AD,Control
rs1859156,4,95834034,6.746e-05,13.09,Typical AD,Control
rs268065,2,59898341,6.751e-05,12.62,Typical AD,Control
rs6793440,3,77909964,6.754e-05,14.5,Typical AD,Control
rs4853924,2,2548524,6.763e-05,13.47,Typical AD,Control
rs833609,4,167118729,6.764e-05,14.46,Typical AD,Control
rs1229933,19,22075704,6.767e-05,11.47,Typical AD,Control
rs2088077,5,37556926,6.768e-05,15.11,Typical AD,Control
rs17566447,12,42930277,6.769e-05,15.56,Typical AD,Control
rs2145587,14,32981484,6.777e-05,12.48,Typical AD,Control
rs1944047,11,62849656,6.78e-05,14.4,Typical AD,Control
rs10020753,4,156834028,6.781e-05,13.71,Typical AD,Control
rs2000937,6,102310726,6.784e-05,12.1,Typical AD,Control
rs12065902,1,41904551,6.788e-05,12.34,Typical AD,Control
rs12528988,6,165814173,6.788e-05,12.77,Typical AD,Control
rs2163854,19,56752892,6.793e-05,12.12,Typical AD,Control
rs4614822,18,44106331,6.793e-05,12.02,Typical AD,Control
rs941648,14,92931737,6.795e-05,12.8,Typical AD,Control
rs38513,7,28028227,6.795e-05,12.15,Typical AD,Control
rs10181857,2,224015791,6.796e-05,13.17,Typical AD,Control
rs12658486,5,39806217,6.798e-05,13.68,Typical AD,Control
rs6140774,20,8839757,6.799e-05,12.27,Typical AD,Control
rs8053178,16,73524172,6.806e-05,13.15,Typical AD,Control
rs4072103,11,7460958,6.808e-05,11.31,Typical AD,Control
rs2014131,4,155047531,6.811e-05,13.37,Typical AD,Control
rs940633,7,55537497,6.812e-05,13.37,Typical AD,Control
rs12232403,16,13367049,6.813e-05,15.01,Typical AD,Control
rs10818924,9,126913862,6.814e-05,18.48,Typical AD,Control
rs944990,9,96191004,6.818e-05,11.21,Typical AD,Control
rs1537510,9,122676538,6.819e-05,11.36,Typical AD,Control
rs910700,20,5466940,6.82e-05,12.32,Typical AD,Control
rs11708737,3,3099460,6.82e-05,15.83,Typical AD,Control
rs4128518,1,117494820,6.826e-05,16.15,Typical AD,Control
rs10982110,9,116980052,6.832e-05,12.16,Typical AD,Control
rs917361,17,10355763,6.835e-05,11.51,Typical AD,Control
rs1343837,4,137493086,6.835e-05,12.28,Typical AD,Control
rs17628000,17,42939337,6.838e-05,14.18,Typical AD,Control
rs1799875,1,110148974,6.838e-05,15.9,Typical AD,Control
rs7185630,16,88805183,6.84e-05,13.61,Typical AD,Control
rs1055142,8,123552740,6.84e-05,13.45,Typical AD,Control
rs10403345,19,56741808,6.842e-05,10.55,Typical AD,Control
rs10501763,11,91638725,6.846e-05,12.11,Typical AD,Control
rs166112,5,132752066,6.848e-05,12.45,Typical AD,Control
rs575595,6,124867530,6.851e-05,13.3,Typical AD,Control
rs4899265,14,69321561,6.851e-05,13.6,Typical AD,Control
rs1327600,1,81804154,6.856e-05,12.47,Typical AD,Control
rs7035325,9,97409437,6.858e-05,14.58,Typical AD,Control
rs1983634,6,146665616,6.859e-05,11.73,Typical AD,Control
rs1464890,7,129664312,6.862e-05,13.98,Typical AD,Control
rs390488,1,241068852,6.864e-05,12.27,Typical AD,Control
rs7963803,12,72331318,6.866e-05,15.23,Typical AD,Control
rs17798885,18,22628883,6.868e-05,11.8,Typical AD,Control
rs2076513,6,1591011,6.87e-05,17.24,Typical AD,Control
rs2329082,13,79010676,6.87e-05,18.25,Typical AD,Control
rs10218945,10,54864975,6.873e-05,14.97,Typical AD,Control
rs690337,15,54008795,6.877e-05,12.64,Typical AD,Control
rs310456,19,56045522,6.878e-05,19.44,Typical AD,Control
rs17732181,17,6860607,6.878e-05,13.76,Typical AD,Control
rs1776575,4,37235854,6.882e-05,13.12,Typical AD,Control
rs12870594,13,31462909,6.885e-05,12.12,Typical AD,Control
rs983398,7,46642397,6.893e-05,11.01,Typical AD,Control
rs10400271,11,5639873,6.897e-05,11.89,Typical AD,Control
rs16873828,7,25357772,6.899e-05,12.62,Typical AD,Control
rs9650614,8,8693386,6.899e-05,13.28,Typical AD,Control
rs2851045,4,101920450,6.902e-05,12.64,Typical AD,Control
rs7331655,13,22786026,6.904e-05,17.07,Typical AD,Control
rs7920144,10,15304786,6.905e-05,11.04,Typical AD,Control
rs6753288,2,128169899,6.908e-05,13.1,Typical AD,Control
rs2050427,6,77587889,6.909e-05,13.85,Typical AD,Control
rs9343467,6,77284946,6.912e-05,12.75,Typical AD,Control
rs10745820,12,98573580,6.915e-05,13.85,Typical AD,Control
rs7425274,2,161203395,6.925e-05,11.71,Typical AD,Control
rs8034546,15,38337341,6.926e-05,11.26,Typical AD,Control
rs262407,11,36029375,6.926e-05,12.01,Typical AD,Control
rs17083889,5,94009546,6.934e-05,11.74,Typical AD,Control
rs13405591,2,4662656,6.936e-05,12.96,Typical AD,Control
rs2654725,17,9614556,6.936e-05,13.2,Typical AD,Control
rs916522,2,12279879,6.941e-05,11.67,Typical AD,Control
rs7923837,10,94481917,6.942e-05,11.66,Typical AD,Control
rs7993387,13,34841852,6.946e-05,14.52,Typical AD,Control
rs6843121,4,112799771,6.947e-05,15.6,Typical AD,Control
rs3750510,9,141017352,6.949e-05,11.62,Typical AD,Control
rs16823950,1,17551943,6.952e-05,13.3,Typical AD,Control
rs4327389,3,133701960,6.956e-05,14.12,Typical AD,Control
rs13169861,5,3700168,6.958e-05,12.91,Typical AD,Control
rs12217601,10,109881982,6.96e-05,12.58,Typical AD,Control
rs1541815,5,36702290,6.961e-05,12.24,Typical AD,Control
rs1427818,10,80575996,6.962e-05,15.25,Typical AD,Control
rs6963959,7,141407716,6.969e-05,11.84,Typical AD,Control
rs6772958,3,32049091,6.972e-05,12.34,Typical AD,Control
rs9392082,6,5489201,6.974e-05,16.48,Typical AD,Control
rs10492182,12,5747294,6.977e-05,14.13,Typical AD,Control
rs6903535,6,28417222,6.977e-05,12.81,Typical AD,Control
rs6028791,20,38645083,6.979e-05,11.43,Typical AD,Control
rs933944,3,26022980,6.982e-05,12.64,Typical AD,Control
rs1732877,12,66599144,6.983e-05,13.5,Typical AD,Control
rs8093571,18,12603432,6.989e-05,11.98,Typical AD,Control
rs480491,3,118125046,6.998e-05,14.68,Typical AD,Control
rs10513963,18,67154409,6.998e-05,13.52,Typical AD,Control
rs11204153,8,20894128,7e-05,15.38,Typical AD,Control
rs1791534,18,33324054,7.002e-05,13.6,Typical AD,Control
rs4539125,1,117482765,7.008e-05,15.86,Typical AD,Control
rs6837873,4,142137165,7.031e-05,13.39,Typical AD,Control
rs281747,8,108639617,7.032e-05,13.35,Typical AD,Control
rs1835979,5,107263834,7.035e-05,16.31,Typical AD,Control
rs12592213,15,66825594,7.035e-05,20.04,Typical AD,Control
rs1545474,19,50344652,7.043e-05,20.64,Typical AD,Control
rs7652623,3,139817289,7.043e-05,15.42,Typical AD,Control
rs17337518,6,118608535,7.047e-05,13.12,Typical AD,Control
rs4689705,4,7325002,7.051e-05,12.42,Typical AD,Control
rs16946175,15,92511515,7.054e-05,12.17,Typical AD,Control
rs1016173,21,22743803,7.054e-05,11.51,Typical AD,Control
rs2590903,8,115455967,7.057e-05,19.52,Typical AD,Control
rs2237154,6,15400114,7.059e-05,14.96,Typical AD,Control
rs8092336,18,60036083,7.061e-05,12.17,Typical AD,Control
rs2952134,8,16989568,7.068e-05,14.13,Typical AD,Control
rs11774916,8,4246903,7.069e-05,12.24,Typical AD,Control
rs12712304,2,31267391,7.069e-05,13.02,Typical AD,Control
rs9397831,6,155994436,7.072e-05,15.32,Typical AD,Control
rs16876241,8,108420688,7.072e-05,12.01,Typical AD,Control
rs2702775,12,87119057,7.074e-05,16.34,Typical AD,Control
rs540093,1,189608672,7.076e-05,11.04,Typical AD,Control
rs12476246,2,220635070,7.077e-05,17.37,Typical AD,Control
rs4736618,8,134060459,7.078e-05,13.62,Typical AD,Control
rs12196541,6,24140690,7.08e-05,12.32,Typical AD,Control
rs1250105,4,1203265,7.081e-05,22.62,Typical AD,Control
rs7626087,3,2559451,7.082e-05,12.5,Typical AD,Control
rs1352307,11,47168254,7.083e-05,13.47,Typical AD,Control
rs10492184,12,5699048,7.083e-05,15.17,Typical AD,Control
rs9823492,3,142411287,7.088e-05,13.98,Typical AD,Control
rs13023828,2,117820944,7.1e-05,13.15,Typical AD,Control
rs6444590,3,191597705,7.1e-05,13.77,Typical AD,Control
rs886159,7,22580985,7.101e-05,14.21,Typical AD,Control
rs4696302,4,152813118,7.11e-05,11.43,Typical AD,Control
rs2528865,7,103157375,7.11e-05,12.41,Typical AD,Control
rs17116519,15,26272525,7.112e-05,12.82,Typical AD,Control
rs9597508,13,57697861,7.112e-05,12.81,Typical AD,Control
rs546567,6,100099703,7.113e-05,11.73,Typical AD,Control
rs7757610,6,80919632,7.117e-05,12.87,Typical AD,Control
rs3732209,2,128079806,7.117e-05,11.95,Typical AD,Control
rs2076302,6,7570963,7.123e-05,13.51,Typical AD,Control
rs1369184,4,30180666,7.124e-05,12.69,Typical AD,Control
rs2057588,13,72465952,7.124e-05,13.18,Typical AD,Control
rs1433195,8,108366127,7.127e-05,12.86,Typical AD,Control
rs538147,11,64129722,7.128e-05,12.71,Typical AD,Control
rs4400672,1,202675394,7.131e-05,13.68,Typical AD,Control
rs896193,7,138518056,7.132e-05,11.39,Typical AD,Control
rs1022630,6,107189647,7.133e-05,13.55,Typical AD,Control
rs2348038,7,7352663,7.134e-05,13.16,Typical AD,Control
rs1513981,15,102385044,7.136e-05,19.01,Typical AD,Control
rs6596283,5,135424352,7.14e-05,16.35,Typical AD,Control
rs2453451,8,87878846,7.147e-05,12.47,Typical AD,Control
rs12655322,5,168344280,7.148e-05,13.22,Typical AD,Control
rs1329269,20,2810098,7.148e-05,20.97,Typical AD,Control
rs2505160,10,37309400,7.153e-05,12.29,Typical AD,Control
rs9878659,3,1908074,7.154e-05,12.79,Typical AD,Control
rs1561406,19,8751106,7.154e-05,11.78,Typical AD,Control
rs2080167,2,59873126,7.156e-05,12.71,Typical AD,Control
rs7940014,11,19345331,7.156e-05,12.52,Typical AD,Control
rs7176637,15,73850754,7.156e-05,13.36,Typical AD,Control
rs17620999,3,2561556,7.157e-05,12.18,Typical AD,Control
rs2873943,3,147403067,7.16e-05,10.92,Typical AD,Control
rs2297866,9,129854199,7.16e-05,12.04,Typical AD,Control
rs10082968,12,3099291,7.167e-05,10.93,Typical AD,Control
rs439987,21,29623259,7.179e-05,15.87,Typical AD,Control
rs11634485,15,100807344,7.179e-05,12.75,Typical AD,Control
rs4922193,8,20288391,7.182e-05,12.99,Typical AD,Control
rs3763613,9,34584319,7.185e-05,15.86,Typical AD,Control
rs6663598,1,65557432,7.185e-05,14.34,Typical AD,Control
rs2841300,6,100779276,7.186e-05,11.65,Typical AD,Control
rs2435029,19,22062158,7.188e-05,12.56,Typical AD,Control
rs2270056,17,10295497,7.192e-05,11.69,Typical AD,Control
rs4791984,17,10320374,7.192e-05,11.69,Typical AD,Control
rs7210833,17,10381821,7.192e-05,11.69,Typical AD,Control
rs346589,13,43166284,7.192e-05,12.42,Typical AD,Control
rs17001868,22,40778231,7.197e-05,11.24,Typical AD,Control
rs11077373,17,76489576,7.203e-05,14.09,Typical AD,Control
rs741580,5,149201670,7.21e-05,11.63,Typical AD,Control
rs10903372,10,1171734,7.213e-05,12.54,Typical AD,Control
rs12892100,14,72478034,7.222e-05,16.21,Typical AD,Control
rs6806504,3,4070251,7.227e-05,12.9,Typical AD,Control
rs4798443,18,6452944,7.241e-05,12.21,Typical AD,Control
rs6853723,4,14812561,7.242e-05,33.7,Typical AD,Control
rs17807445,6,80804273,7.246e-05,12.11,Typical AD,Control
rs1437528,3,77950703,7.247e-05,15.48,Typical AD,Control
rs2248611,21,21199532,7.249e-05,15.91,Typical AD,Control
rs17802967,3,70973305,7.25e-05,12.98,Typical AD,Control
rs4292900,1,24469814,7.251e-05,13.55,Typical AD,Control
rs3759356,12,5150362,7.251e-05,10.31,Typical AD,Control
rs2327431,6,134211922,7.252e-05,10.97,Typical AD,Control
rs7358476,11,87192624,7.252e-05,15.49,Typical AD,Control
rs12960377,18,37638764,7.254e-05,13.08,Typical AD,Control
rs16972692,18,37654267,7.254e-05,13.08,Typical AD,Control
rs950574,4,122864241,7.258e-05,15.22,Typical AD,Control
rs11691981,2,128364684,7.26e-05,12.56,Typical AD,Control
rs7576317,2,71275700,7.26e-05,14.4,Typical AD,Control
rs9913935,17,28852288,7.268e-05,11.35,Typical AD,Control
rs6779517,3,48384388,7.269e-05,14.37,Typical AD,Control
rs10502895,18,46231438,7.269e-05,12.86,Typical AD,Control
rs4243579,14,52161021,7.27e-05,14.69,Typical AD,Control
rs2358398,10,19751780,7.274e-05,11.95,Typical AD,Control
rs3957512,9,96612770,7.279e-05,11.23,Typical AD,Control
rs10075636,5,2479446,7.279e-05,11.71,Typical AD,Control
rs6452095,5,22741835,7.281e-05,11.84,Typical AD,Control
rs13282907,8,26979015,7.286e-05,13.76,Typical AD,Control
rs10737826,1,238534934,7.287e-05,13.09,Typical AD,Control
rs6108495,20,10327333,7.288e-05,12.61,Typical AD,Control
rs2330173,7,52750565,7.291e-05,11.99,Typical AD,Control
rs11651241,17,28589478,7.296e-05,11.6,Typical AD,Control
rs892874,2,137901254,7.302e-05,12.78,Typical AD,Control
rs12464563,2,46205320,7.305e-05,13.0,Typical AD,Control
rs11073678,15,87405143,7.305e-05,12.91,Typical AD,Control
rs3784139,14,69414322,7.307e-05,11.33,Typical AD,Control
rs2380734,4,37527529,7.308e-05,11.74,Typical AD,Control
rs4832912,4,37519030,7.308e-05,11.74,Typical AD,Control
rs2437323,4,40778162,7.308e-05,12.47,Typical AD,Control
rs13129840,4,142129314,7.313e-05,13.29,Typical AD,Control
rs2636131,6,66423317,7.316e-05,14.6,Typical AD,Control
rs2636133,6,66424507,7.316e-05,14.6,Typical AD,Control
rs10503603,8,17563062,7.316e-05,12.38,Typical AD,Control
rs12678396,8,17569104,7.316e-05,12.38,Typical AD,Control
rs362089,22,20950473,7.319e-05,16.12,Typical AD,Control
rs180791,5,106923569,7.321e-05,15.09,Typical AD,Control
rs518116,9,129715736,7.327e-05,17.72,Typical AD,Control
rs1555649,1,193477045,7.33e-05,10.59,Typical AD,Control
rs16869615,4,20454884,7.33e-05,19.19,Typical AD,Control
rs10503027,18,57070378,7.33e-05,11.62,Typical AD,Control
rs7646392,3,133699575,7.333e-05,14.24,Typical AD,Control
rs207305,4,19092157,7.335e-05,13.25,Typical AD,Control
rs7242,7,100781445,7.336e-05,12.65,Typical AD,Control
rs2227684,7,100776931,7.336e-05,12.65,Typical AD,Control
rs10485529,20,15526582,7.336e-05,12.99,Typical AD,Control
rs16959796,16,12612690,7.338e-05,16.31,Typical AD,Control
rs1994089,17,33516594,7.338e-05,12.71,Typical AD,Control
rs2714240,2,14877094,7.34e-05,12.81,Typical AD,Control
rs6771063,3,186184328,7.346e-05,13.7,Typical AD,Control
rs1041576,9,114185794,7.348e-05,12.3,Typical AD,Control
rs1545130,18,48220529,7.351e-05,12.98,Typical AD,Control
rs1000433,7,135543143,7.351e-05,13.12,Typical AD,Control
rs10499738,7,54497328,7.352e-05,13.08,Typical AD,Control
rs1552660,4,19381302,7.353e-05,14.59,Typical AD,Control
rs10420320,19,4889524,7.353e-05,13.32,Typical AD,Control
rs11869777,17,71723133,7.355e-05,15.25,Typical AD,Control
rs7618046,3,12488027,7.358e-05,12.8,Typical AD,Control
rs10850760,12,117544413,7.359e-05,13.09,Typical AD,Control
rs2171902,6,66370779,7.362e-05,15.22,Typical AD,Control
rs17179274,14,38048891,7.362e-05,10.92,Typical AD,Control
rs12218587,10,68397199,7.364e-05,12.4,Typical AD,Control
rs283826,2,79233079,7.371e-05,14.09,Typical AD,Control
rs1401910,4,57172978,7.373e-05,15.0,Typical AD,Control
rs4312897,5,173999598,7.373e-05,11.74,Typical AD,Control
rs3098183,15,50806469,7.374e-05,11.29,Typical AD,Control
rs11232450,11,80792660,7.376e-05,19.56,Typical AD,Control
rs11048657,12,26846603,7.377e-05,12.57,Typical AD,Control
rs2077911,14,94983224,7.382e-05,13.82,Typical AD,Control
rs7939644,11,27060940,7.384e-05,18.06,Typical AD,Control
rs6426897,1,165102499,7.385e-05,12.5,Typical AD,Control
rs1982628,8,4482561,7.388e-05,13.62,Typical AD,Control
rs17477053,1,167532944,7.39e-05,12.44,Typical AD,Control
rs4351304,6,2814466,7.391e-05,13.95,Typical AD,Control
rs2647259,4,106256521,7.395e-05,14.9,Typical AD,Control
rs10821160,9,96326127,7.396e-05,10.77,Typical AD,Control
rs4693923,4,88888113,7.396e-05,11.72,Typical AD,Control
rs735664,7,27909037,7.397e-05,13.09,Typical AD,Control
rs1365358,7,135905859,7.397e-05,13.78,Typical AD,Control
rs2295102,22,25209753,7.4e-05,14.56,Typical AD,Control
rs7954465,12,73816593,7.41e-05,18.76,Typical AD,Control
rs242389,14,56592107,7.411e-05,11.83,Typical AD,Control
rs10267836,7,30755583,7.414e-05,11.68,Typical AD,Control
rs7129480,11,12377766,7.415e-05,14.22,Typical AD,Control
rs2597356,8,133405459,7.415e-05,18.63,Typical AD,Control
rs11696024,2,19812104,7.418e-05,13.16,Typical AD,Control
rs11756526,6,7781784,7.419e-05,12.54,Typical AD,Control
rs9366483,6,22911301,7.424e-05,11.34,Typical AD,Control
rs12700456,7,23720488,7.43e-05,11.26,Typical AD,Control
rs7080157,10,6512559,7.432e-05,12.73,Typical AD,Control
rs261827,1,241070371,7.436e-05,11.65,Typical AD,Control
rs3783686,14,57958899,7.436e-05,14.35,Typical AD,Control
rs1443422,17,2920124,7.437e-05,12.02,Typical AD,Control
rs6924733,6,15385281,7.441e-05,12.61,Typical AD,Control
rs765244,13,22451371,7.441e-05,12.81,Typical AD,Control
rs4130201,8,5026520,7.443e-05,14.82,Typical AD,Control
rs4519903,5,103484564,7.444e-05,14.55,Typical AD,Control
rs7595381,2,128476484,7.445e-05,13.98,Typical AD,Control
rs10520376,4,178203463,7.446e-05,11.18,Typical AD,Control
rs10974892,9,4964774,7.447e-05,14.21,Typical AD,Control
rs524770,1,66766222,7.449e-05,12.49,Typical AD,Control
rs5993954,22,20282886,7.45e-05,11.91,Typical AD,Control
rs10953740,7,113460282,7.451e-05,13.22,Typical AD,Control
rs988213,18,44124967,7.452e-05,12.06,Typical AD,Control
rs1800378,12,6172202,7.457e-05,12.58,Typical AD,Control
rs12663112,6,100236473,7.459e-05,11.59,Typical AD,Control
rs11079155,17,53291507,7.46e-05,12.44,Typical AD,Control
rs1490742,9,117034749,7.461e-05,13.3,Typical AD,Control
rs1268663,14,65266081,7.461e-05,15.1,Typical AD,Control
rs8019291,14,92931164,7.464e-05,12.93,Typical AD,Control
rs2684811,15,99453563,7.464e-05,12.94,Typical AD,Control
rs6584877,10,110316077,7.466e-05,12.86,Typical AD,Control
rs9541963,13,70091195,7.468e-05,11.89,Typical AD,Control
rs2716878,17,5591389,7.471e-05,12.15,Typical AD,Control
rs10265116,7,129655876,7.472e-05,13.64,Typical AD,Control
rs4769414,13,25788586,7.474e-05,13.63,Typical AD,Control
rs268066,2,59880310,7.476e-05,12.16,Typical AD,Control
rs6471696,8,59183432,7.477e-05,11.93,Typical AD,Control
rs10780576,9,85808730,7.479e-05,15.73,Typical AD,Control
rs6702102,1,233148271,7.479e-05,13.98,Typical AD,Control
rs12702162,7,45691128,7.48e-05,14.01,Typical AD,Control
rs6935846,6,32984011,7.486e-05,16.95,Typical AD,Control
rs1921880,4,84957198,7.487e-05,12.05,Typical AD,Control
rs561703,1,57663346,7.489e-05,19.87,Typical AD,Control
rs11732479,4,30174983,7.49e-05,12.86,Typical AD,Control
rs2571468,4,30215673,7.492e-05,21.93,Typical AD,Control
rs17345545,1,4965152,7.492e-05,12.66,Typical AD,Control
rs928293,21,41412642,7.493e-05,12.58,Typical AD,Control
rs6018919,20,46735710,7.495e-05,12.42,Typical AD,Control
rs814941,1,190466822,7.495e-05,10.94,Typical AD,Control
rs7034893,9,5494438,7.498e-05,22.4,Typical AD,Control
rs2441109,5,66139238,7.499e-05,12.62,Typical AD,Control
rs4596491,6,100236866,7.503e-05,11.92,Typical AD,Control
rs17604868,16,11215027,7.505e-05,14.54,Typical AD,Control
rs10416033,19,2569946,7.506e-05,11.63,Typical AD,Control
rs10492459,13,30457294,7.509e-05,11.33,Typical AD,Control
rs4449296,3,77394540,7.51e-05,14.57,Typical AD,Control
rs9792613,9,14832349,7.512e-05,12.65,Typical AD,Control
rs11051199,12,31150183,7.512e-05,12.5,Typical AD,Control
rs5752592,22,27967652,7.514e-05,21.13,Typical AD,Control
rs7478212,10,55559110,7.514e-05,10.92,Typical AD,Control
rs7120886,11,1238828,7.515e-05,11.31,Typical AD,Control
rs9819655,3,9888026,7.521e-05,12.33,Typical AD,Control
rs302412,5,151332812,7.524e-05,15.45,Typical AD,Control
rs2567133,12,70948070,7.524e-05,12.0,Typical AD,Control
rs7070678,10,29812602,7.525e-05,14.06,Typical AD,Control
rs7910521,10,29803661,7.525e-05,14.06,Typical AD,Control
rs10922329,1,189568547,7.526e-05,10.3,Typical AD,Control
rs16919100,8,69578637,7.527e-05,12.76,Typical AD,Control
rs7700964,5,147363251,7.527e-05,10.87,Typical AD,Control
rs2322209,3,3515438,7.527e-05,17.03,Typical AD,Control
rs13155727,5,83495204,7.528e-05,12.0,Typical AD,Control
rs7776508,7,64105197,7.53e-05,11.63,Typical AD,Control
rs7576755,2,148310480,7.53e-05,12.16,Typical AD,Control
rs6683351,1,97645313,7.53e-05,12.51,Typical AD,Control
rs6593632,1,97615098,7.53e-05,12.51,Typical AD,Control
rs705471,10,3667726,7.532e-05,12.53,Typical AD,Control
rs25846,5,149230730,7.533e-05,10.84,Typical AD,Control
rs732989,11,13978737,7.533e-05,12.11,Typical AD,Control
rs7035491,9,1784090,7.533e-05,14.08,Typical AD,Control
rs7228325,18,2504945,7.534e-05,11.66,Typical AD,Control
rs2675317,3,2844404,7.534e-05,11.1,Typical AD,Control
rs8047267,16,73485105,7.534e-05,13.42,Typical AD,Control
rs10227982,7,9128802,7.536e-05,12.32,Typical AD,Control
rs8090667,18,12974073,7.536e-05,15.29,Typical AD,Control
rs3976787,18,12971894,7.536e-05,15.29,Typical AD,Control
rs6029143,20,39118662,7.537e-05,12.29,Typical AD,Control
rs1037684,5,110474161,7.539e-05,12.43,Typical AD,Control
rs7666964,4,40836953,7.54e-05,11.69,Typical AD,Control
rs912881,6,41415737,7.544e-05,18.44,Typical AD,Control
rs4790427,17,3006485,7.546e-05,11.79,Typical AD,Control
rs13091627,3,3343318,7.546e-05,11.46,Typical AD,Control
rs729855,8,140874687,7.547e-05,13.51,Typical AD,Control
rs1337668,13,45367123,7.548e-05,11.99,Typical AD,Control
rs2229032,3,142178144,7.549e-05,12.23,Typical AD,Control
rs12933790,16,83269219,7.55e-05,12.45,Typical AD,Control
rs12758854,1,97711561,7.551e-05,11.83,Typical AD,Control
rs741101,14,90921369,7.553e-05,11.04,Typical AD,Control
rs6952967,7,31795856,7.553e-05,13.1,Typical AD,Control
rs2142832,22,44940363,7.554e-05,11.82,Typical AD,Control
rs742554,6,1589002,7.557e-05,13.95,Typical AD,Control
rs2822737,21,15898791,7.557e-05,16.0,Typical AD,Control
rs2825782,21,21128313,7.557e-05,11.84,Typical AD,Control
rs6663210,1,247313462,7.558e-05,11.25,Typical AD,Control
rs3767880,1,26069415,7.559e-05,16.56,Typical AD,Control
rs10153070,16,26608849,7.56e-05,15.91,Typical AD,Control
rs6860112,5,4136154,7.56e-05,12.48,Typical AD,Control
rs10490211,2,65110275,7.561e-05,14.89,Typical AD,Control
rs11974150,7,30761210,7.561e-05,11.26,Typical AD,Control
rs6840028,4,142197917,7.565e-05,13.37,Typical AD,Control
rs12942448,17,12845987,7.566e-05,14.59,Typical AD,Control
rs7245323,18,38965524,7.568e-05,11.1,Typical AD,Control
rs843451,2,240330994,7.569e-05,15.86,Typical AD,Control
rs217797,5,37318295,7.569e-05,15.15,Typical AD,Control
rs1382600,1,34574691,7.569e-05,13.07,Typical AD,Control
rs6074113,20,10242011,7.574e-05,14.89,Typical AD,Control
rs7846270,8,125570800,7.575e-05,13.52,Typical AD,Control
rs4354016,5,71135107,7.575e-05,12.32,Typical AD,Control
rs965143,7,47837117,7.575e-05,10.9,Typical AD,Control
rs9939851,16,87562316,7.576e-05,13.37,Typical AD,Control
rs9681213,3,66894,7.576e-05,12.12,Typical AD,Control
rs7048915,9,4206388,7.579e-05,11.01,Typical AD,Control
rs911289,14,94355805,7.579e-05,16.79,Typical AD,Control
rs1221136,9,122030076,7.579e-05,11.47,Typical AD,Control
rs6128998,20,59577569,7.579e-05,15.26,Typical AD,Control
rs10090183,8,117380851,7.583e-05,12.38,Typical AD,Control
rs13439023,8,117385888,7.583e-05,12.38,Typical AD,Control
rs9400534,6,112661761,7.583e-05,14.93,Typical AD,Control
rs2505924,10,29882153,7.584e-05,14.04,Typical AD,Control
rs1882079,7,37391266,7.586e-05,12.43,Typical AD,Control
rs1455731,4,61194055,7.588e-05,12.78,Typical AD,Control
rs7699538,4,114741276,7.589e-05,12.92,Typical AD,Control
rs6963748,7,18666217,7.589e-05,16.33,Typical AD,Control
rs13016092,2,150727326,7.591e-05,13.34,Typical AD,Control
rs6127973,20,55806280,7.591e-05,12.08,Typical AD,Control
rs10490862,3,132160713,7.594e-05,10.94,Typical AD,Control
rs843840,2,49650145,7.595e-05,14.47,Typical AD,Control
rs2272550,14,22591988,7.595e-05,11.3,Typical AD,Control
rs12212272,6,74673166,7.597e-05,12.24,Typical AD,Control
rs6845326,4,186313557,7.605e-05,15.64,Typical AD,Control
rs1157595,2,182749568,7.607e-05,10.92,Typical AD,Control
rs10897526,11,64559898,7.607e-05,13.08,Typical AD,Control
rs9508701,13,30887663,7.611e-05,12.46,Typical AD,Control
rs12475137,2,126766945,7.611e-05,11.86,Typical AD,Control
rs10458404,1,189188538,7.611e-05,12.81,Typical AD,Control
rs3903687,11,35331642,7.612e-05,15.74,Typical AD,Control
rs10097518,8,23615779,7.612e-05,13.74,Typical AD,Control
rs6912537,6,2828026,7.613e-05,12.91,Typical AD,Control
rs12476572,2,228014767,7.616e-05,15.5,Typical AD,Control
rs450798,12,50304949,7.623e-05,11.25,Typical AD,Control
rs613582,18,70250672,7.623e-05,12.36,Typical AD,Control
rs16977599,18,20782046,7.625e-05,13.92,Typical AD,Control
rs4083173,2,74401657,7.625e-05,14.66,Typical AD,Control
rs1561070,2,115418679,7.627e-05,11.43,Typical AD,Control
rs10511514,9,8937478,7.628e-05,15.12,Typical AD,Control
rs2825824,21,21196803,7.628e-05,12.33,Typical AD,Control
rs6445902,3,57494138,7.629e-05,14.25,Typical AD,Control
rs7776707,7,104605530,7.63e-05,12.63,Typical AD,Control
rs815952,7,55561884,7.63e-05,11.62,Typical AD,Control
rs28642833,7,55597235,7.63e-05,11.62,Typical AD,Control
rs11691877,2,78654537,7.635e-05,13.79,Typical AD,Control
rs2570407,7,141654892,7.635e-05,11.99,Typical AD,Control
rs12204830,6,141848595,7.637e-05,12.39,Typical AD,Control
rs7738638,6,134391373,7.638e-05,12.04,Typical AD,Control
rs1250552,10,81058027,7.641e-05,11.86,Typical AD,Control
rs7746902,6,40926958,7.642e-05,11.22,Typical AD,Control
rs962130,19,52014006,7.643e-05,12.25,Typical AD,Control
rs13394087,2,205260409,7.645e-05,11.38,Typical AD,Control
rs2705215,8,17000463,7.645e-05,12.41,Typical AD,Control
rs9979231,21,22477273,7.647e-05,11.17,Typical AD,Control
rs7959490,12,107943616,7.648e-05,12.7,Typical AD,Control
rs4078179,15,92456897,7.65e-05,11.73,Typical AD,Control
rs709276,2,2832206,7.651e-05,13.01,Typical AD,Control
rs2286593,17,74681435,7.655e-05,14.01,Typical AD,Control
rs4851821,2,106260780,7.657e-05,10.57,Typical AD,Control
rs1369976,4,96807307,7.659e-05,10.97,Typical AD,Control
rs511290,6,145590770,7.659e-05,15.73,Typical AD,Control
rs10741125,10,27288925,7.665e-05,12.6,Typical AD,Control
rs12897979,14,100056208,7.669e-05,11.76,Typical AD,Control
rs1502665,3,131325437,7.669e-05,10.77,Typical AD,Control
rs7202483,16,51324234,7.67e-05,12.29,Typical AD,Control
rs1555926,20,52184944,7.67e-05,11.28,Typical AD,Control
rs9749171,19,10135711,7.671e-05,16.35,Typical AD,Control
rs160359,7,28668995,7.673e-05,12.24,Typical AD,Control
rs4799305,18,28689144,7.673e-05,11.58,Typical AD,Control
rs2391734,1,96604591,7.673e-05,11.04,Typical AD,Control
rs1321507,6,51826281,7.674e-05,11.94,Typical AD,Control
rs11158252,14,59725906,7.675e-05,11.89,Typical AD,Control
rs10519034,2,65706325,7.679e-05,12.33,Typical AD,Control
rs1348473,5,119507243,7.681e-05,15.15,Typical AD,Control
rs3783036,13,20436506,7.683e-05,13.83,Typical AD,Control
rs10874763,1,93646418,7.685e-05,12.7,Typical AD,Control
rs2837205,21,41146524,7.685e-05,13.14,Typical AD,Control
rs13185799,5,4362756,7.687e-05,13.54,Typical AD,Control
rs1324317,10,10594364,7.688e-05,11.42,Typical AD,Control
rs9386745,6,97145600,7.691e-05,12.7,Typical AD,Control
rs11742226,5,168187671,7.692e-05,11.21,Typical AD,Control
rs7597134,2,162621531,7.692e-05,14.89,Typical AD,Control
rs2837472,21,41534512,7.693e-05,16.89,Typical AD,Control
rs28958,17,31324657,7.693e-05,12.79,Typical AD,Control
rs7014506,8,20900090,7.694e-05,13.86,Typical AD,Control
rs1171023,1,190418653,7.698e-05,10.67,Typical AD,Control
rs548411,16,1121226,7.7e-05,11.59,Typical AD,Control
rs16925492,9,109201514,7.7e-05,10.47,Typical AD,Control
rs6676300,1,11925300,7.704e-05,13.49,Typical AD,Control
rs1992293,10,80591365,7.704e-05,12.73,Typical AD,Control
rs927185,6,51826782,7.705e-05,11.51,Typical AD,Control
rs768055,7,141413051,7.705e-05,12.47,Typical AD,Control
rs7655087,4,182777782,7.709e-05,13.13,Typical AD,Control
rs6808429,3,131290291,7.715e-05,10.41,Typical AD,Control
rs3750779,10,71712502,7.718e-05,11.25,Typical AD,Control
rs11049933,12,29094977,7.719e-05,13.26,Typical AD,Control
rs1905752,3,10833964,7.729e-05,11.85,Typical AD,Control
rs11595532,10,80563519,7.73e-05,12.83,Typical AD,Control
rs11002681,10,80560968,7.73e-05,12.83,Typical AD,Control
rs9456701,6,162119957,7.733e-05,10.99,Typical AD,Control
rs4963755,12,24512551,7.735e-05,18.06,Typical AD,Control
rs8036797,15,87435639,7.738e-05,13.16,Typical AD,Control
rs2366254,7,141224952,7.739e-05,12.63,Typical AD,Control
rs6456785,6,27390399,7.74e-05,11.84,Typical AD,Control
rs6926142,6,27395764,7.74e-05,11.84,Typical AD,Control
rs3120029,9,129649356,7.743e-05,17.72,Typical AD,Control
rs2061062,4,12267885,7.746e-05,11.59,Typical AD,Control
rs7504165,18,4777539,7.746e-05,11.7,Typical AD,Control
rs10489565,1,54826187,7.747e-05,12.19,Typical AD,Control
rs6880868,5,99986153,7.748e-05,13.51,Typical AD,Control
rs814923,1,190485500,7.75e-05,11.03,Typical AD,Control
rs1602235,6,66366331,7.754e-05,15.36,Typical AD,Control
rs11650866,17,70161079,7.755e-05,11.23,Typical AD,Control
rs13054354,22,29840180,7.755e-05,12.83,Typical AD,Control
rs11600358,11,130861244,7.756e-05,12.48,Typical AD,Control
rs10930437,2,171581341,7.757e-05,10.83,Typical AD,Control
rs7763896,6,132279804,7.758e-05,12.58,Typical AD,Control
rs13435101,4,155449832,7.76e-05,12.87,Typical AD,Control
rs7689945,4,155449629,7.76e-05,12.87,Typical AD,Control
rs6492611,13,93142706,7.76e-05,13.08,Typical AD,Control
rs2247583,8,14604752,7.763e-05,13.56,Typical AD,Control
rs3775229,4,87978626,7.765e-05,12.69,Typical AD,Control
rs12625309,20,40513571,7.766e-05,11.84,Typical AD,Control
rs394119,12,50305007,7.77e-05,11.36,Typical AD,Control
rs11786916,8,4232568,7.77e-05,14.42,Typical AD,Control
rs2117915,12,96185742,7.772e-05,12.24,Typical AD,Control
rs10028122,4,53578009,7.773e-05,11.87,Typical AD,Control
rs10877011,12,58124992,7.774e-05,11.43,Typical AD,Control
rs4347199,1,118526592,7.776e-05,10.83,Typical AD,Control
rs9925796,16,78769788,7.777e-05,13.81,Typical AD,Control
rs13274503,8,68687678,7.777e-05,15.53,Typical AD,Control
rs781994,6,71358164,7.778e-05,13.31,Typical AD,Control
rs8006610,14,48466437,7.78e-05,15.03,Typical AD,Control
rs6050455,20,2574223,7.782e-05,12.77,Typical AD,Control
rs2238516,16,24339706,7.783e-05,12.09,Typical AD,Control
rs4369533,13,66358010,7.785e-05,11.1,Typical AD,Control
rs689797,15,43826557,7.788e-05,12.18,Typical AD,Control
rs852636,5,11045100,7.789e-05,12.34,Typical AD,Control
rs582180,18,6011808,7.792e-05,12.26,Typical AD,Control
rs827782,5,169833843,7.795e-05,12.43,Typical AD,Control
rs9941282,16,86744805,7.795e-05,11.37,Typical AD,Control
rs308656,13,62702893,7.797e-05,12.28,Typical AD,Control
rs7914382,10,27265641,7.797e-05,12.38,Typical AD,Control
rs12427459,13,36437371,7.801e-05,14.19,Typical AD,Control
rs1365347,12,107901182,7.803e-05,13.38,Typical AD,Control
rs7837006,8,41447470,7.804e-05,12.99,Typical AD,Control
rs1880742,2,235522554,7.805e-05,15.15,Typical AD,Control
rs7010155,8,107557220,7.806e-05,11.42,Typical AD,Control
rs9317266,13,63388754,7.807e-05,12.13,Typical AD,Control
rs10924270,1,245804664,7.808e-05,19.78,Typical AD,Control
rs6800364,3,374869,7.809e-05,12.23,Typical AD,Control
rs2354223,6,107182045,7.809e-05,13.49,Typical AD,Control
rs12156316,8,41706484,7.812e-05,13.58,Typical AD,Control
rs797126,6,5362054,7.815e-05,13.58,Typical AD,Control
rs3872649,3,270521,7.816e-05,14.0,Typical AD,Control
rs9381616,6,47772079,7.818e-05,12.2,Typical AD,Control
rs12516085,5,94822053,7.819e-05,13.37,Typical AD,Control
rs2182832,1,55480211,7.819e-05,12.1,Typical AD,Control
rs3751050,11,9091244,7.82e-05,12.82,Typical AD,Control
rs11703546,22,32741123,7.82e-05,12.04,Typical AD,Control
rs17721873,7,104913239,7.82e-05,12.47,Typical AD,Control
rs2728125,4,89001893,7.821e-05,12.19,Typical AD,Control
rs8050422,16,7442794,7.822e-05,11.33,Typical AD,Control
rs2008644,10,52020424,7.824e-05,12.8,Typical AD,Control
